ION,NaCl+alpha_1200,NaCl+alpha_1500,NaCl+alpha_2100,NaCl+alpha_240,NaCl+alpha_2700,NaCl+alpha_300,NaCl+alpha_540,NaCl+alpha_60,NaCl+alpha_600,NaCl+alpha_900,NaCl_1200,NaCl_1500,NaCl_2100,NaCl_240,NaCl_2700,NaCl_300,NaCl_540,NaCl_60,NaCl_600,NaCl_900,alpha_1200,alpha_1500,alpha_2100,alpha_240,alpha_2700,alpha_300,alpha_540,alpha_60,alpha_600,alpha_900
58.0057,0.46118320136,-0.232700814254,0.219847307043,0.373492859269,0.42734391352,0.281622732723,-0.2744633555,0.559133195613,0.334203846176,-0.0431041357118,-0.0542257133945,-0.263182966527,-0.370523746972,-0.0183589494642,-0.243976020207,-0.165894290413,-0.11464466703,0.00649483784608,-0.200794887319,-0.0622031904048,-0.0573140575833,0.0422437376185,-0.232573236513,0.0688459969452,0.00556417877151,-0.171556175432,-0.273271890366,0.303155171198,-0.177073166723,-0.240161937981
59.0135,0.536218125041,-0.0682881283623,0.323801126372,0.401876857168,0.479356973914,0.292800947436,-0.2215684037,0.693329428218,0.389587032092,-0.0463851993722,-0.020460271064,-0.0598960369672,-0.232043771169,-0.0430318083186,-0.15318134175,-0.129431293541,-0.123316658324,-0.0743860838949,-0.143402261341,-0.027429784961,0.12730350125,0.108216526923,-0.573970017978,0.04857541582,-0.170596162271,-0.647899221566,-0.420445865575,0.194611387054,-0.0438422430387,-0.0041405580912
71.0135,0.430217247111,-0.136430084052,0.311382994859,0.382913602952,0.419902625153,0.321315550157,-0.233813210546,0.663370873732,0.235468438492,-0.129937500196,-0.0818086766995,-0.0668534677916,-0.069960753459,-0.0466448122423,-0.0283434797066,-0.0954852392032,-0.104407546809,-0.0402563482031,-0.0352498027797,-0.00259106470268,0.149076411276,0.115899902531,-0.535230201611,0.0290434256375,-0.063245071922,-0.679914869325,-0.37404058631,0.127481850809,-0.0735613978973,-0.0788676496542
73.0292,0.109115910435,-0.0775072264104,0.229788196865,0.127325246026,0.329136315191,0.0401930394675,-0.126274579541,0.146123896394,0.106521699689,-0.0667125829609,-0.0419659748658,-0.12782418294,-0.0181472811639,-0.0111620876145,0.0966284211668,0.0904014163771,-0.209784068006,-0.0167671825899,-0.158803635474,-0.0368356817579,0.0685854671978,0.172461231217,-0.121029719391,0.0520759518556,0.0550834499696,-0.162527870752,-0.174311465802,0.0928779844423,0.154916478673,0.0902195621311
74.0244,0.234461343282,0.171122477915,0.315847412853,0.619044979772,0.312780810344,0.535625364764,-0.0844379226751,0.417069183157,0.492833672368,-0.104906439284,-0.460734155314,0.349300411045,0.28810929789,0.18517727526,-0.106234157981,0.0662544723516,0.0614954827867,0.26224842613,-0.17918191764,-0.168142059,0.882241310531,1.0966443313,0.257538558382,0.508903620137,0.65381463691,-0.063782275859,0.240530184169,0.480597727159,0.643466297243,0.660382397225
87.0087,0.465639876786,0.205999608704,0.409141593114,0.365858503846,0.683314513984,0.263323234139,-0.0445528403686,0.63533963773,0.421965546596,-0.0422813418586,-0.220992861385,-0.0891352677299,0.0520741663293,-0.218948160478,-0.206761466141,-0.248647696028,-0.357898114464,-0.139664797554,-0.210309792837,-0.199746439121,0.0318223399755,-0.0580720792987,-0.601876823651,-0.0157640973715,-0.157495577281,-0.586082113328,-0.402854819293,0.128421571275,-0.244830942466,-0.104184324669
88.0401,-0.0272510893231,0.00748710575379,-0.127930257822,-0.104745673671,-0.0424982075119,-0.0873789596731,-0.005236360313,-0.321422609231,0.0634395060606,-0.0166521022646,0.103166455738,0.217574421894,0.124818711179,-0.0158148631011,-0.0647269530445,-0.0105576749936,-0.147761390938,-0.190069109719,-0.188609679369,0.159355819257,0.113553761003,0.0257833517037,0.210184896533,0.119502591253,0.11669283272,0.241633900389,0.0285229285705,0.216632571542,0.177726110935,-0.0712808913849
89.0241,0.988475625956,0.26176641444,0.656489960832,0.715204122205,0.989684031368,0.54438412362,-0.0621674759741,1.10090449785,0.580696690648,-0.0183454118784,-0.106865495456,-0.0225439168546,-0.132324986545,-0.0185935213944,-0.110409743544,-0.0762518784985,-0.044852645287,-0.00366731145353,-0.00760348162464,0.0295148632259,0.138668668767,-0.0368836816543,-0.82267698732,-0.0146311205028,-0.142755815573,-0.784221323597,-0.668168791052,0.127333783596,-0.0601321845303,-0.013105007825
96.9599,1.49827088312,0.686141466706,0.998206172283,0.775010385622,1.52035066351,0.482675169051,0.483437033269,0.584570024189,0.798461040232,0.35342886723,0.0181303488011,0.0226426788645,-0.0833978548112,-0.0361737746088,-0.0517275030395,-0.0119102029798,-0.0515986427954,-0.069430633258,-0.0570177037991,0.0423425641067,0.204433870989,-0.00188952552462,-0.896941028696,-0.0371689554343,-0.212683780407,-0.903139420964,-0.671131002234,0.0660020697955,-0.0111108511411,0.0290429998305
101.0241,0.65120798021,0.0041511092775,0.437181352681,0.460089021293,0.659238770822,0.425345920821,-0.0970889366088,0.782284001885,0.391471598186,-0.119327344145,-0.0901621132103,-0.0628169522909,-0.166992514644,0.00150582513596,-0.0533754857545,-0.0806173307404,-0.0237444199534,0.0279864637009,-0.0741431811607,-0.00884187873119,0.166933179517,0.0271436092632,-0.631017836413,0.0325253688411,-0.180494751589,-0.698990497053,-0.472076286533,0.126278437736,0.0142590195702,0.0210650322935
102.056,-0.350893554623,0.516247104829,0.287723463517,0.195067596613,0.403344198325,0.100895477747,0.154936210216,-0.443416000672,0.217081046316,0.0807636066006,-0.322921979913,0.641404069036,0.870989016529,0.28004516811,0.207708378607,0.167653173762,-0.0388102991432,0.438681369114,-0.0187746016315,0.00855086787413,1.30341315244,1.34897017472,0.521363578127,0.470274997607,1.00738601354,0.0735514359349,0.752309881867,0.333291223011,0.754709029851,0.97987629129
111.0197,0.331263150048,-0.00676367931044,0.167425465483,0.325566089713,0.553680303897,0.351451808266,0.0582064135404,0.42937306874,0.401062996975,0.0370070119544,-0.112259500566,-0.0854960839542,0.00960924987145,0.128040179903,0.0876417282085,0.107465165338,0.0863865699141,-0.139659225918,0.0526796551373,-0.039719940268,0.0679415769874,-0.0683974499569,-0.506548527754,0.011321885031,-0.34276475234,-0.506032314925,-0.453896575549,0.0585093276835,-0.0241742147891,0.00344150290965
114.0559,-0.0639024901098,-0.104491919131,-0.151963136839,0.0825589637688,-0.110867272797,0.1614783157,0.159964300451,-0.243773700731,0.163157983179,0.0232025002057,-0.0175800347919,0.0952652394292,0.152613449935,0.200590077578,-0.0365591410838,0.197734812699,0.0290714095219,0.0203121187087,-0.108361611617,0.0303744137096,0.0673334239744,0.171971560322,0.145996811072,0.152899981447,0.179524561853,0.0391479118765,-7.54897761688e-05,0.240004576867,0.0204253542149,-0.0248022473292
115.0036,-0.380806528181,0.0460459591434,0.529852884326,0.0144634966679,0.595296966154,-0.129138169828,-0.596542788894,0.159339323242,-0.458999999588,-0.601484309555,-0.285805895999,0.892462153853,1.67604641099,0.133308537897,0.836314139624,-0.133293459618,-0.463312224173,0.347399222025,-0.466472964363,-0.208488734156,0.803603914004,0.926091565867,0.345148427619,0.414842185163,0.757614534219,0.0133033704114,0.539060553519,0.434548884123,0.491156522804,0.58782931448
115.0292,0.32212793224,0.0273736513162,0.0398394321749,0.0044607988175,0.15762519045,0.404461924789,0.184296027611,0.341000851235,0.355829098726,0.0567099700264,-0.0967294346007,-0.350535502268,-0.0754669094459,-0.150095047881,-0.231550407145,-0.122326695044,-0.0180251428993,-0.0754150452102,-0.151378259894,-0.0352114838483,0.0998748097932,0.00269941945918,-0.415707691807,-0.0619143425007,-0.0832191168286,-0.499025435182,-0.105759107364,0.127465308503,0.195160662655,0.138672565524
115.0764,0.00827223583965,-0.0135306692476,0.142864392116,-0.17834462061,0.181559338486,-0.212330674189,-0.121242147816,-0.000123133909717,-0.108074272481,0.0438724716648,0.0769796845851,-0.125983239232,-0.0697189675248,-0.158652342641,-0.0462627358447,-0.154243830776,-0.157454465271,-0.0878908537888,-0.21797351639,-0.0575217748933,0.136799869152,0.195749760219,-0.186915016712,0.0971827626233,0.23060440234,-0.307276276446,-0.0365149628359,0.0492053872264,-0.0541318824438,-0.0207590544544
116.0716,0.287540190357,-0.0664556568911,0.176512109723,0.223194877281,0.291722529167,0.155871693612,-0.0838198810359,0.354432228471,0.238813155727,-0.0317772086291,-0.0355506578795,0.00962832912279,-0.0434182987541,0.000685250103619,-0.0363973921553,-0.00891046250448,-0.0373379946626,-0.05431920562,-0.0626594737647,0.00582131106698,0.033738059824,-0.0972040388268,-0.551971480638,-0.0459151714984,-0.168535221307,-0.558474766145,-0.314706571055,-0.00995554523893,-0.113767830182,-0.0385065854986
117.0192,-0.150366465556,-0.138999453929,0.140392509871,-0.0479649147299,0.229725455965,-0.0757472373948,-0.138063435867,-0.115187656801,0.0301393079159,0.0147743982312,-0.0271146362373,-0.0355480974996,0.234930425778,-0.0249668189708,0.277601701264,-0.124204662438,-0.257650537901,-0.21440197252,-0.14717784438,-0.112574330227,0.091783261777,0.166033558832,-0.0234384982485,0.0560005646599,0.428675153428,-0.226586841713,-0.0767529160161,0.0371881683111,0.0686211103263,0.117997232187
118.0508,0.313354322799,0.293717601067,0.311080862444,0.692340503969,0.374361399391,0.672862685256,-0.0592432275767,0.606393006921,0.60416924612,-0.131155990702,-0.531038871897,0.374060379866,0.328441541402,0.179546783181,-0.142695025235,0.074750530359,0.0741777674791,0.330649019783,-0.15427433207,-0.209079463642,0.851323916757,0.97964191644,0.158744142816,0.489338492468,0.647447070572,-0.118418022035,0.490515202046,0.428738671064,0.564740066523,0.681554656058
122.0248,-0.126865771636,0.0684284707356,-0.118379619839,-0.0204727293902,-0.0101689916528,0.0150473895262,-0.0320136156067,-0.0991489298635,0.096608543519,-0.172222064328,-0.0518043800168,-0.0626422239149,0.0406241792877,0.0251801797098,-0.142126500289,-0.0329648779204,-0.11797002252,-0.320899286961,-0.325062420997,-0.0724027852351,0.0551376704181,0.194760289573,0.151309732858,0.260747948959,0.448662553849,0.0555648594334,0.195395628488,0.308614639944,0.00694619177175,0.0450426285459
127.0513,0.217884963851,0.817965704948,0.792114905645,0.633500674993,0.890713108728,0.577374368855,0.373132565075,-0.021469934383,0.63283708592,0.348866298224,-0.288807853774,1.09844249426,1.15994270416,0.483282268532,0.830987865951,0.438211400422,0.382190619318,0.542694662935,0.0765446008744,0.0820393724739,1.53523298181,1.75742182639,0.902114162336,0.694353743022,1.39462592468,0.291047288281,1.23009626109,0.554992575713,1.07839259654,1.27023964735
128.035,-0.113039217976,0.368069765634,0.201316491753,0.185115143534,0.267425779033,0.203088452384,0.0523816861879,-0.100202351751,0.172836272255,0.0320706316043,-0.280090348842,0.538713718082,0.721472890569,0.201959979075,0.214978258472,0.175623562491,0.0425692926877,0.287374605374,-0.0362717796641,-0.000522290919097,1.05666044692,1.16036546986,0.478521422888,0.378538775835,1.00579035478,0.115162542163,0.625804539366,0.30143210453,0.767857620396,0.83017331941
129.0191,0.0973650598726,-0.109761463448,0.25254205445,0.0155749955448,0.39906852704,0.0463282085981,-0.363710590814,0.354148055707,-0.0847551190504,-0.272140346528,-0.103712714122,0.211969501341,0.291479859876,-0.15270865462,0.123961206759,-0.11888032321,-0.218681303667,0.136926936746,-0.221194039855,-0.13735133215,0.434766877368,0.518207300829,0.101174992035,0.162939542769,0.453893128328,-0.191787678375,0.246140490783,0.17957827857,0.261953682569,0.306915133918
129.0556,-0.0829084453508,-0.0442913194177,-0.131937758036,-0.148476527969,0.0679204216381,-0.219769769352,-0.0691317100068,-0.0558495112497,-0.128508969244,-0.110128524351,0.0291014140514,0.025805374545,0.0585377737996,0.0177848298685,0.031743285363,-0.0991048610961,-0.0744226450315,0.06305216474,-0.177121205223,0.0277097196101,0.0928857977697,0.1363457413,-0.112633319993,0.0581794108289,0.248826023038,-0.220468538942,0.017762687678,0.0851835565729,0.0500498454293,0.11288146786
129.092,-0.0105063277478,-0.163318093083,-0.23120042549,-0.114359190631,-0.158288869654,-0.133665341282,-0.0552293910503,-0.237696286918,-0.0400853170676,-0.0763131668334,0.0176985457567,-0.247045508039,-0.20358833418,0.0255767443304,-0.134771753849,0.05636996612,-0.0761046796115,-0.177433257738,-0.295492990584,-0.10620918094,-0.207833285483,-0.127916676247,-0.444629553741,0.0300032502067,-0.139906833768,-0.298627363969,-0.0619912064691,-0.0622241184054,-0.150994651137,-0.234899302959
130.0513,-0.198700900784,-0.0587957103957,-0.0767368409449,-0.0278234448951,-0.121796691548,-0.0220354940585,-0.0542437960098,-0.160765489851,-0.0113248724298,-0.102080178194,-0.108537311152,0.0688909122625,0.0959253227219,0.00554454947165,-0.0508724610523,0.125073855491,-0.0940497550215,-0.0467430603966,-0.11885664115,-0.00303034402133,0.0941093004612,0.123819437487,0.105253427579,0.101027115705,0.110336848633,0.0770148830662,0.0549918098547,0.075327017523,0.126480103555,0.0543250124296
130.087,0.217855403784,-0.144353486579,0.0927141721162,0.225326377708,0.229312701038,0.244361121523,-0.0303079567806,0.317822930774,0.242834960967,-0.0877003380161,-0.146744452956,-0.0705567838432,0.0103639665033,-0.0167951998708,-0.0852622787662,0.0349862765341,-0.0280636066208,-0.0176292644047,0.00352402370388,-0.00861052276893,0.0685398332767,-0.0472691304459,-0.598620926326,-0.0238409947178,-0.184109887746,-0.59420290815,-0.336448659774,0.0362955367408,-0.00463885029965,-0.0184668172875
131.0349,0.262581101847,0.0702050667071,0.197302527432,0.156200903323,0.256323791066,0.0937747823843,-0.129844967339,0.254815214329,0.228106101738,-0.107605467359,-0.0554510639125,-0.0166029077502,0.101838397672,-0.0397121166243,0.0132103069632,-0.018888356237,-0.118026138035,-0.0898148425951,-0.0331224419017,0.0436219689451,0.0765812089045,0.0547560170027,-0.232437268946,-0.0149392342688,0.142307339618,-0.37197336965,-0.10383927948,-0.0729123907719,0.11391173417,0.127097066695
131.0463,0.140902753435,0.72020552888,0.595055514015,0.631961866113,0.656015529526,0.563162881826,0.148283683776,0.124847197751,0.5951581715,0.179980997773,-0.443304035811,0.901308610235,0.825847780506,0.415616185549,0.236115516629,0.332220027397,0.249280375729,0.651955216595,-0.0333248143289,-0.0234606952216,1.35778537431,1.56816484447,0.695818028386,0.591769105901,1.25412044762,0.120986789407,1.08760456239,0.442766369989,0.931989508022,1.1254713212
131.0825,-0.356185496537,0.968559615959,0.508431701647,-0.0105038773017,0.540624389615,0.0425306259286,0.611373641534,-0.563767920948,0.371692376026,0.532417653889,-0.146394299931,1.51673949838,1.82200022671,0.654755831571,0.451416098714,0.356973891043,0.592931555049,0.705413546625,0.563135293409,0.260036586174,1.6686309037,1.45517516495,0.328562218263,0.130305230511,1.12986840611,0.0743149323292,1.34635596134,-0.0327747660593,1.11531895198,1.2226147241
132.0302,0.381232663036,0.407395092733,0.33327428853,0.425202562147,0.48988877484,0.263848511536,-0.0194468337557,0.554893897811,0.398697576484,0.01279292553,-0.217409204892,0.462363085213,0.471871516176,0.104335486284,-0.135143791781,0.0799581835102,0.0065622864313,0.204615685067,-0.00839232631902,0.0769859722258,0.574645519283,0.514722057074,-0.381573778321,0.13430400595,0.181889459416,-0.434358235511,0.287131691105,0.0691435987512,0.338008950718,0.431422221716
133.0141,-0.725626636904,0.00465954301446,0.708677130297,0.05631421352,0.790667743357,-0.185176048804,-0.993886374697,0.238205752572,-0.820632834884,-1.06870184258,-0.474637213101,1.19773472585,2.08598193164,0.097923403534,1.13803830144,-0.251011536207,-0.721113276067,0.506678079994,-0.771408026164,-0.478658027882,1.06768623543,1.30173440146,0.707901448023,0.616785187195,1.19956484984,0.213582762642,0.922523788453,0.547982537673,0.66443375883,0.894038721767
133.0505,0.291528296497,0.337723598948,0.523415372645,0.397193397795,0.451147921867,0.425267941093,0.274978219135,0.284024969149,0.413292370245,0.177479611377,0.0729085789446,0.605099044998,0.397864630415,0.181735159027,0.297804301283,0.202726897214,0.122103152857,0.159693063719,0.0833289008184,0.0794191423039,0.353591329771,0.516849895618,0.197890970124,0.174220026914,0.509055526189,-0.296062769915,0.0478605751481,0.0568595671826,0.289409002409,0.298075557504
134.0473,0.361958411137,-0.18830591382,0.221691415493,0.234047652131,0.371812991574,0.145376638976,-0.125035521231,0.499381749175,0.214554816777,-0.0829926315579,-0.0432464561022,-0.13813217376,-0.196622995846,-0.0897678174004,-0.108295039327,-0.053772870389,-0.117812045428,-0.111755699274,-0.13932000272,-0.00352267363814,-0.0504232973966,-0.179065241632,-0.511693909217,-0.0640423840829,-0.194359535544,-0.518489516222,-0.201341687928,-0.0594957095255,-0.128561163713,-0.0816937865852
135.0451,0.305098339876,0.076896133968,0.448999784327,0.00545090153844,0.340922917428,0.330596074804,0.191202823529,0.224436399823,0.430684090274,-0.023935043398,-0.127191933778,-0.2516069611,-0.334887898319,-0.0747581019556,-0.259977413368,0.0358968988469,-0.276030287733,-0.157589288732,-0.0700400552002,0.0156836635312,0.36386829878,0.731323604231,-0.174198088278,0.0657207649483,0.541795913746,-0.176662775731,0.722259126902,0.171068617287,0.49537407928,0.344904907856
136.0405,0.112123161232,0.123806412529,0.271897040252,0.12542336766,0.135768199082,0.289076664209,0.284512844297,0.129497070075,0.296064427294,0.156161365945,-0.159713542181,-0.130026842999,-0.194235686776,0.0244730586177,-0.155194817242,0.0182814770564,-0.0428884023666,-0.161926596276,-0.166686953986,-0.00936960809378,0.169798052788,0.362019856758,0.120276837856,0.218099498753,0.435769916152,-0.0891694559336,0.40929392993,0.275762570487,0.216087404178,0.203930936447
138.9489,0.44689245901,0.269279554468,0.391942487852,0.213324098145,0.510813480885,0.109152572425,0.305229334672,0.0366307054927,0.248114373454,0.219024989521,0.0267345148697,-0.0415475066083,-0.102435597759,-0.0473187788091,-0.0671449878771,-0.0220889398315,0.0135599549394,-0.0326715270593,-0.00104690063916,-0.0201924027479,-0.0534120346262,-0.0647774567049,0.0171936500317,0.0444702811599,0.0254517836654,0.022425331581,0.0338593459548,0.0628034424693,-0.0720747451308,-0.0629344263322
139.9759,-0.0549357270191,-0.0939521288247,-0.156651672465,-0.162816347723,-0.159567062517,-0.174360352287,-0.0810392750715,-0.288209448753,-0.0544764546132,-0.13877065291,0.0167155645419,-0.0688218268722,0.0568731804813,-0.0829369006473,0.0809962253835,-0.0347086343505,-0.15381084482,-0.135876512835,-0.0966309666873,0.0226156421994,-0.0702670582157,0.0158736300603,0.341251045821,0.131497900631,0.243020957227,0.256411043822,0.17490823389,0.172696510622,0.165322779362,0.0193331770842
140.0113,-0.213315526429,-0.000198991379376,-0.1296846975,-0.162268141587,-0.13532724687,-0.0993967856082,-0.0898584515365,-0.250996783331,-0.0327627586323,-0.0229836645142,0.044710793984,0.120775592265,0.0996385843363,-0.00237277639508,0.123574308346,0.0655431949709,-0.0753089416318,0.152211660098,-0.0094759507904,0.026088539947,0.0291615458903,0.0709697944034,0.113321531677,0.0940446693826,0.128515365664,0.0759766816308,0.0710606554686,0.0576826426274,0.0562340368651,0.0798021820791
143.1075,-0.102170671806,-0.0644661660321,0.268256195891,0.002111559934,0.164840356695,0.0579352987433,-0.304445385399,0.0439858666301,0.0123607319155,-0.264128760146,-0.287616104326,0.0971264989993,0.127685131508,-0.0711868433028,0.0726003533705,-0.138625462498,-0.222349542823,0.0436266093269,-0.341093952734,-0.21652239969,0.38865831065,0.610877562198,-0.0344230181948,0.264351894313,0.598727686052,-0.390172408579,0.155518512317,0.188136980009,0.2409947144,0.260500084595
144.0665,-0.270037388334,0.604470190748,-0.145217390651,-0.0617130177378,0.132197565915,-0.126588618441,0.166906874995,-0.179944651359,0.0219721314569,0.172419003034,-0.183757123713,0.681555271091,0.912176485544,0.133821582051,0.216746402337,-0.0338441080418,-0.0956011802032,0.0449551357745,-0.0637531867915,-0.291871194424,0.739301161743,0.526786424488,0.132036390812,0.0167330038101,0.579329010789,-0.0304995920841,0.404295691685,-0.180382884793,0.441323321808,0.358597510485
145.0142,0.214492020153,0.155949916682,0.428196569631,0.245898926345,0.618295220163,0.213522711276,-0.0983491416914,0.358708431064,0.0532630826236,-0.168201906494,-0.00360925960503,0.269296667174,0.410805389305,-0.131380478241,0.285463664086,-0.105129572307,-0.239614443034,0.255875306738,-0.203680848662,-0.229097837302,0.374856412426,0.500655045787,0.00432799939356,0.116624715806,0.366521428019,-0.147098404261,0.268386007446,0.0942122239292,0.16802395532,0.394690689118
145.0618,0.313482413855,0.969106045855,0.988393224539,0.831200017356,1.18308387455,0.817761453746,0.419937859543,0.0903789891051,0.878852193778,0.367936584662,-0.382766629712,1.23379380862,1.39632419283,0.601722000241,0.88963150268,0.512762022532,0.536287006808,0.794653773476,0.137864374538,0.0781140573044,1.72638743931,1.9931912493,1.04830950137,0.792500041468,1.58776164853,0.331439393023,1.4470800361,0.62984057519,1.22717442777,1.43096372763
145.098,-0.53204198129,1.06690897348,0.379052977828,-0.0303526081985,0.401301708825,-0.189149209156,0.78422053462,-0.892709604612,0.361097524785,0.623287805615,-0.210662540314,1.68481413903,2.03768658892,0.780783143224,0.345406727441,0.383214278493,0.782937396025,0.88862673308,0.783314412233,0.416115631949,2.01059865086,1.64867502231,0.15998411541,0.217866752506,0.902573829072,0.335775901738,1.72510943897,-0.0831741318439,1.58303564062,1.68217397286
146.0459,0.0666525518213,0.607887200567,0.522620494479,0.487977156247,0.649407806996,0.350754448247,0.0322564947559,0.224765770004,0.442677732541,0.0828138375013,-0.488385201508,0.827886416298,1.08156438037,0.405508653118,0.307738271273,0.268009760889,0.154477824945,0.52642254358,-0.034793114959,-0.0120107705307,1.34617826996,1.48843712831,0.571327006599,0.48982796431,1.11607274217,0.00879241500663,1.06179245084,0.256068962918,0.938507976682,1.11610551934
147.03,0.224250949201,-0.137565684164,0.482826889899,0.155484304647,0.589810259502,0.0803174128627,-0.502181011104,0.731486718313,-0.0246597173013,-0.366728382231,-0.382661119806,0.109100672091,0.235351286683,-0.301000598531,0.030260654383,-0.344255719488,-0.397357954891,0.217152556645,-0.404797154488,-0.381821332557,0.51746718138,0.615199701126,0.124599508853,0.192151169817,0.746488213926,-0.183555750138,0.295728116302,0.237578122708,0.235491483682,0.391020221587
147.066,0.223461572474,0.517113570851,0.511719359612,0.398089725528,0.577623896406,0.416437745101,0.169438471331,0.24374157674,0.440357258034,0.133493645989,-0.106210898491,0.710562556616,0.857914703302,0.333022956187,0.37347122494,0.202472034429,0.177755641117,0.341421035567,0.13273671343,0.142518765136,0.666317186305,0.840050883338,0.321636669282,0.323775025329,0.806172849835,-0.174874612722,0.559718827791,0.225786942597,0.45625425554,0.560791390691
148.0439,-0.162684198967,-0.517532921529,-0.170353893379,0.263841982359,0.0783923077954,0.203707240063,-0.18235726309,0.35587387923,0.0558084885578,-0.438887778926,-0.468353712238,-0.369937246587,-0.0259270075054,0.0508777132484,-0.132044721178,0.0555943763798,-0.153607774571,0.0831882865817,-0.205998019923,-0.399785837391,0.196240288749,0.202203688132,-0.392700221528,0.0646566088768,0.0845520994119,-0.449519169862,0.0864292646679,0.0583484868417,0.14601968945,0.149919402493
149.0458,0.571063393096,0.0981691985428,0.37967672161,0.46003168493,0.598126980862,0.313450632095,-0.0296320182625,0.568891684748,0.363506213121,-0.0938917882622,-0.158533174858,0.0278774982261,0.454108540379,0.0188830593532,0.0444599467104,-0.000489148777209,0.077188708789,0.0407125383781,0.110590586767,-0.00816499011925,0.00181176706903,-0.114111694994,-0.632700580319,-0.131165704303,-0.0592529678387,-0.562266920078,-0.152306253498,-0.158482370322,-0.0237593324676,0.00623652164693
150.0411,-0.0969374459235,-0.347328027631,-0.157938279376,0.0932717254978,-0.126348150127,-0.0220632301839,-0.232327811596,-0.00185174492142,-0.177725226201,-0.306614469517,-0.0677157184488,-0.0212431085683,0.0881704818938,0.200772735494,0.160003597705,0.166877958634,0.0594431294397,0.279323422707,0.185337801658,-0.0689351322617,0.143723342729,0.304720089765,-0.208841113647,0.156318921493,0.265156723092,-0.233175266654,0.0241461596371,0.137872084852,0.0615409397733,0.107750240713
151.0256,0.32983459836,0.128300045298,0.211750807868,0.229665360916,0.0778057518863,0.3646321483,0.635095746941,-0.0516931954815,0.649292003436,1.12000175832,0.244323539487,0.237275530053,0.112758017315,0.246076308972,0.256213733808,0.389312995983,0.322846036076,0.0421076798476,0.268274989222,0.435080120314,0.0177560252038,0.102649736706,0.103872159521,0.125514211439,0.143746256423,-0.303425010779,0.0306263137385,0.129795938625,0.0416360203595,0.0890615486917
152.0351,0.259339800833,0.103815845344,0.150256216096,0.0839162636039,0.272824160853,0.0736966687971,0.0293934662715,0.174833348911,0.206031253533,0.148634442107,0.209211545996,0.106253324467,0.200512232207,0.0982059302951,0.215723133322,0.152945878912,0.0161767410481,-0.0676214770339,0.106960526322,0.179039994656,0.237000166576,0.193473482151,0.00530508607396,0.0499784755718,0.234199670052,-0.200334468706,0.0346663148676,-0.107670358722,0.276172162598,0.267852144624
154.0622,0.852276593561,0.89581840564,0.661579440234,0.714862572453,0.881796391136,0.669998947232,0.36020072087,0.864712463319,0.778090055521,0.369433862679,-0.0730170340154,0.667286129058,0.647776551232,0.330693224888,0.0441750256743,0.19937413937,0.392643978525,0.348445039656,0.319374070034,0.146468733522,0.63668934282,0.374774216044,-0.5433125587,-0.0196329899169,0.191553670581,-0.546851826399,0.319687415776,-0.0556271179468,0.277493240325,0.314860250043
157.0508,0.242624107688,0.135199678335,0.426244707143,0.268719958577,0.509084152731,0.334552316265,-0.0480502002878,0.238331081324,0.297730560587,-0.0207940378471,0.0508571225154,0.067845457333,0.0509393548439,0.0406480513373,0.013744519931,0.0413512778299,-0.110798937846,0.0217085027404,-0.072342055526,-0.0333646582768,0.214457369278,0.492324504052,0.277242303112,-0.00526088925658,0.706807108669,-0.360340853347,0.260309750553,-0.0558763200426,0.0745015609636,0.144217199001
159.03,0.464903427215,0.270013189742,0.522357661198,0.203065851282,0.894810504945,0.379888602094,0.0800971937786,0.35386354101,0.336966812035,0.0254877485625,0.355796891984,0.182276891502,-0.0386420631935,-0.0225290771849,0.174572827745,0.108014628649,-0.0992161431871,0.017029324625,-0.265519687058,0.132844775429,0.136861206378,0.423418163573,0.339087284317,0.203385987631,0.572678611304,0.0542885578419,0.571783756976,0.751457136823,-0.0702248422841,-0.0420087531847
160.0615,-0.193001624249,0.264283403426,0.150403687428,0.484339971125,0.273078422524,0.568534825103,-0.0692570368669,0.107473918928,0.354097892077,-0.0894761448947,-0.694814949796,0.504975378846,0.580974327525,0.40601449706,0.150172782537,0.252215006067,0.114615957748,0.531608188715,-0.198811291219,-0.294937308674,1.42385209615,1.74425445755,1.20786490902,0.756734403812,1.66524196005,0.499051551744,1.17737275408,0.548949700098,0.945315032852,1.17816146102
160.0766,0.298498657406,-0.00130347548856,0.30795003212,0.355289214471,0.440178768988,0.337676943955,-0.036800357493,0.327168324804,0.365355762763,0.0301934566027,-0.185149145904,0.160451560611,0.0239039019367,0.112476728552,0.0793683475247,0.0623693009968,-0.0284036892584,0.201129401823,-0.0612556529803,-0.0925329602784,0.245467798994,0.256287133109,-0.413138054866,-0.0359351854356,0.307468062378,-0.611803315244,-0.0753894296091,0.0309832721805,0.115048493356,0.114587954631
161.0454,0.608732573057,0.176181421568,0.292026456285,0.415070755411,0.645105869122,0.308315798831,-0.0085284908119,0.685363325117,0.416836284092,-0.128502019492,-0.069400027363,-0.0166442128694,0.000511754854202,-0.0140123704552,-0.0571682896313,-0.0592224733668,-0.117530548844,-0.101379269831,0.0200732945751,-0.0231420646559,-0.012811827829,-0.167397219587,-0.488072963224,-0.144880034084,-0.096542616792,-0.570799846009,-0.179383252107,-0.0335733965744,-0.0166071820844,-0.00647154297303
162.0403,-0.0685446029711,0.366156626827,0.0206732023908,0.144793557551,0.137785775952,0.0110599707538,0.0097095517388,-0.0611752494359,0.132583826826,0.0695700887263,-0.0107419787745,0.497078927214,0.554256839773,0.243211417484,0.156960175091,0.162718283181,0.0596021582613,0.0888282525623,0.0651430920327,0.065056337623,0.657244107236,0.615971537341,0.393114452661,0.147088790894,0.657417182882,0.175371404799,0.510420085697,0.286140347004,0.394034999142,0.327782535735
163.0609,0.0676477615889,0.0743067576944,0.0328488533832,0.00715967226189,0.0564245015534,0.123434329518,0.116042922046,-0.0733310391799,-0.0189629303667,-0.0275469577808,0.0609578595761,0.217184966525,0.250532154643,0.00446340576045,0.150574524097,0.149969338046,-0.0170107613337,-0.0486101331883,-0.0423915924865,0.0501948177147,0.0276952783168,0.105510057316,0.0490679234495,0.0611557267785,0.334670664402,0.0841468149076,0.0458497977098,0.216536996432,0.0243744444749,-0.0645036989567
164.0716,0.421442726346,-0.00726478232663,0.214901803231,0.371625621805,0.402219065362,0.353732798448,0.00988089039119,0.500444827537,0.401527196115,-0.0422666939258,-0.126150223107,0.021668765598,0.0954477264114,0.054279174601,-0.0266790146407,0.0839309550966,0.02014507145,0.0350232582011,0.0730693529395,0.0695682145602,0.0588350933409,-0.078764838487,-0.744734808312,-0.110463635585,-0.182953241606,-0.746657742785,-0.185662254575,-0.0288730106751,-0.0117578219248,-0.0258299657693
166.0147,-0.0426159029643,-0.0823915774822,0.0455378793199,-0.0948316215827,0.111914515945,0.0613108803771,-0.113220281956,-0.0223997319247,0.0816696452436,-0.224112062206,-0.123858378758,-0.0229846669515,0.0469209136193,-0.0418824231577,-0.132951572506,0.00442675760449,-0.237248883411,0.0342761630284,-0.146720995815,-0.186059277294,-0.325553094469,0.0280933369422,-0.357966469432,0.124418425945,0.248362893867,-0.225145646407,0.265681133313,0.154674350007,-0.144538425475,-0.368229593932
166.0512,-0.0687439854391,-0.072961410227,-0.0894599988895,0.0108116989643,0.0277258337671,-0.200665126084,-0.0486806346579,-0.110100938893,-0.00156780036994,-0.238011924029,-0.0121650315275,-0.270681840403,-0.161156662972,-0.075665795966,-0.128078722225,0.00763614678331,-0.218452541144,-0.0224968636528,-0.249905043898,-0.210020842989,-0.125268345065,-0.102698852249,-0.276812038837,0.0540890992354,-0.0186238208942,-0.196171877759,0.103797934548,0.105882298433,-0.0993274196985,-0.192715744012
167.0357,0.0956081922312,0.233812308739,0.309046013996,0.137424174624,0.262790274778,0.146716927165,0.202807611836,-0.137426207015,0.248699869058,0.246040342323,-0.0304654322159,0.325749632429,0.464712413046,0.142482167339,0.322027818931,0.0973762449633,0.101020072617,0.125011473941,0.0438283623273,0.0487754933826,0.196693975845,0.422444542065,0.270474192459,0.0515238679078,0.403551606607,0.147805458548,0.224867092727,0.0667501171563,0.156739078692,0.263472898153
168.0667,0.263758351737,-0.120051851127,0.120541210767,0.221088526499,0.325625802253,0.255295905494,-0.0814890639235,0.514869693476,0.205216172786,-0.14559842743,-0.0415944258996,-0.178582836281,-0.294844713735,-0.0356112202157,-0.104194627582,0.0017449849116,-0.178246123498,-0.0694960466553,-0.179713732759,-0.146969617708,0.0235671816252,-0.0431192716694,-0.283124276412,0.0252404922209,0.0163508037868,-0.404161280116,-0.0292403369666,0.045435489067,-0.134054087247,-0.0892842955646
171.0067,-0.628008471373,0.151096309212,0.394441663102,-0.0264955856224,0.157042256702,0.0585599492026,-0.28124203494,-0.240841978992,-0.0699105791956,-0.397738593143,-0.446617726466,0.900801434671,1.23130839751,0.342115887088,0.363205869092,0.179360612853,0.121204795522,0.816879719918,0.101257866868,0.493040464223,1.40194479242,1.60691942283,0.613832947095,0.407243762469,1.37854180018,0.0605807197381,1.06156437725,0.255988375508,0.989600566599,1.24090810137
171.029,0.229961453576,0.00395660433862,0.24559340104,0.109429688472,0.362710564594,0.13813533075,-0.120769875857,0.0717583809852,0.175095002867,-0.111630606451,0.0432217884437,0.115185654402,-0.0727334496255,-0.0547317836789,0.180724091317,0.131714888975,0.027914862807,0.0260137722272,-0.288570665409,0.164918933148,-0.105485253068,0.213144092637,-0.168057874623,0.021741673235,0.354263065982,-0.197586371478,0.0477839827106,0.224076879172,-0.0741996609945,-0.0525926330374
171.139,-0.0207225244243,0.00171859603062,0.0825726319896,-0.00606223946457,0.142264037062,-0.0317598543457,-0.262287690226,-0.0161727490604,-0.0210957652473,-0.100961020437,-0.148555727013,0.045438117933,0.168018689713,0.00407028331233,0.064045728118,-0.0234687050477,-0.223912140334,-0.0395897314574,-0.282815077735,-0.0860715126549,0.363549292467,0.453108937515,-0.0844888611585,0.0790844429409,0.428538205976,-0.374478644651,0.312024597493,-0.0123189498399,0.181364711877,0.179177545915
172.0615,-0.0380969953822,-0.0415569010412,-0.00170932709763,0.222315448962,0.123255334866,0.105742589299,-0.0530150169544,0.125728221673,0.171250366919,-0.186307530232,-0.222666102713,0.0727686622283,0.138737074262,0.0269409764677,0.0386384650245,0.0393883440771,-0.0977172649817,-0.035070486221,-0.195618285307,-0.165823702769,0.647080959492,0.789424886986,0.571188354113,0.261314617445,0.858417794243,0.0427879833186,0.429878635529,0.290330066228,0.314984024788,0.475967821332
172.9043,-0.195648487411,-0.28535127754,-0.337822331893,-0.186274315924,-0.309489013878,-0.0191026509679,-0.117532154999,-0.253757417854,-0.196131461575,-0.105379632923,-0.132690531491,-0.195931046007,0.00124121813533,-0.11542135308,-0.0723700841827,-0.179134557245,-0.346414489068,-0.0950813107237,-0.440507820216,-0.0954680237134,-0.121628239586,-0.116432965465,-0.253491183524,-0.103969212508,0.0758207596542,-0.455610874029,-0.0598920796248,-0.22880418173,0.101677492578,0.0372861336043
173.0458,0.19338913823,0.138689956616,0.428835520304,0.0325076263041,0.482878537365,0.139890193071,0.12160779474,0.115662159817,0.155540339416,0.121464186803,0.159363399494,0.228050392655,0.225950763382,0.0590504537933,0.289955959915,0.0464686764681,0.0469196333945,0.00391859541218,-0.168069452812,0.0130802303644,0.143003891871,0.292298638777,-0.0282466698967,0.163635328661,0.658509132795,-0.161524478504,0.24807823608,0.135414497998,0.16748726296,0.162368632941
173.0714,-0.399545153692,0.671671925004,0.232762624787,-0.0917766091957,0.186766653073,-0.148512657599,0.581546717103,-0.459823966054,0.229917128014,0.486670875811,-0.0495031255547,1.13406860371,1.36872902381,0.585128250747,0.283634325399,0.228864758161,0.401899535883,0.474685923978,0.356253018701,0.207694262166,1.34315309542,1.10009784008,0.101663307904,0.0477006782293,1.09646437964,0.201053113521,1.20109233831,-0.20164118843,0.951268945688,0.989881401599
174.0568,-0.185077314073,-0.00302397864666,-0.00573703090526,-0.0696635295789,0.0337625835073,0.0830778381102,0.00521548942164,-0.125291163869,0.0387647382885,-0.0322363978295,0.0172005356879,0.449208727985,0.300606784454,0.152713066204,0.260890565198,0.205286494928,0.0864418114418,0.305121470445,-0.0300541402216,0.147206942685,0.346830622858,0.345969196053,0.107073749536,0.0255511862208,0.502296981848,-0.000205951032994,0.355553432746,0.205409228328,0.223340688628,0.2973753074
174.0876,-0.136613166443,0.541172493324,0.377470181441,0.0685816334947,0.328699849279,0.137397812661,0.116056688443,-0.295880257877,0.118283154178,0.199247010525,0.0330178782022,0.715372984071,0.857222766159,0.237394840983,0.521150951352,0.168513767207,0.120276534607,0.347822200271,0.131401715468,-0.0158259729742,1.24072077386,1.4146490258,1.05484853031,0.149939816806,1.84923148126,0.340149625352,0.755737047966,0.065885764183,0.672719125361,0.911246702431
175.0613,0.293330779383,0.666368397914,0.823335394097,0.563560044057,0.837677444235,0.477680955085,0.0173196370565,0.65627354438,0.40755081226,-0.0373117834406,-0.124887534027,0.513991761819,0.591423247066,0.37064630554,0.0873631169318,0.157610771765,-0.0221221019244,0.291764800509,0.0765829644606,0.00692292348091,1.07209945972,1.48877098684,1.10721126039,0.259869741521,1.62388482283,-0.266749181646,0.971738199772,0.0866100798614,0.424439945461,0.673958641064
179.0353,0.607904702675,0.172577886088,0.478201916313,0.438873259545,0.634078157233,0.327852159116,0.156929216522,0.550615982504,0.406136375169,0.0505027512068,-0.0562492949167,0.0539554684646,-0.0242976398784,0.000458228131793,-0.0118369309362,0.0153427663226,0.0468470915099,0.0965601825448,0.108153072418,0.060773967346,-0.0304818747673,-0.0680213996231,-0.496208227686,-0.0632260692896,-0.0501332253078,-0.52156551166,-0.163805917289,-0.00992885315716,-0.0965789861354,-0.0494684695781
179.0561,1.24783031508,0.460102762653,0.864098795086,0.884159731423,1.25533431623,0.808264451032,0.124465304025,1.25850545665,0.804474308931,0.0254056467438,-0.0764877287259,0.0770885568675,-0.00483031344564,0.0252635130367,-0.0503077187644,0.0211551631655,0.141543574904,0.136216529075,0.229378155507,0.0399015291295,-0.0294195680176,-0.234099981223,-1.02893052807,-0.177098330977,-0.304916924236,-0.938616178849,-0.318941553264,-0.0785519394031,-0.147856062191,-0.0940506573499
180.0662,0.427427642252,0.0579473329715,0.257388061144,0.342451458022,0.450375084942,0.31777818756,-0.0177042431568,0.499314660679,0.357799816562,-0.0471044342978,-0.0690767524025,0.0746046849888,0.137138282338,0.0659524660188,-0.00494193311604,0.0749703530441,0.0192875451123,0.0283050889346,0.129813849359,0.0594435442944,0.0720855924124,-0.0464407464311,-0.712428645053,-0.119369216703,-0.137558473565,-0.718450421153,-0.148508314515,-0.0633267062424,0.0242270117601,0.00443380828102
181.0712,0.1893948212,0.203135302348,0.298229168253,0.24140917784,0.356482750154,0.336152763115,0.155908219942,0.0781204852805,0.3201774789,0.0251886911438,-0.0223796570731,0.408050404092,0.247851850517,0.141907860744,0.194549074362,0.235699994673,0.07385114762,0.172051326315,-0.0716837371698,0.16009609333,0.439256963288,0.692210825044,0.151523970574,0.289204762396,0.617800539583,0.0158135974767,0.59062495182,0.602199187417,0.194852045048,0.225537178676
183.0064,0.06923265128,-0.131411170623,-0.0296757480381,0.0578929942722,-0.00934454266823,-0.0203311722896,-0.0362733489475,0.127227003206,0.0734118815496,-0.0422401987717,0.0913754809129,-0.10884317806,-0.123163301852,-0.0857929012955,-0.123856818385,-0.0618743779636,-0.136057430727,-0.142282379831,-0.199864144296,-0.063432778359,0.0397756853261,0.149885610241,0.0770435116064,0.163863400068,0.370739067937,-0.0104785348863,0.218964727634,0.161088717403,0.0552980239816,0.0424687874147
184.002,0.111675293217,0.473944273162,0.405437531809,0.301517076762,0.525112102704,0.329646774688,-0.0333872012198,0.17049552567,0.368192133578,-0.0250910771219,-0.392343183826,0.57188590827,0.910715806039,0.302556004287,0.160357057331,0.000319746996302,-0.0174625443845,0.381373409646,-0.0280488630842,-0.0708649470753,1.35589036164,1.53928370207,0.273141648971,0.435697025662,1.20030379547,-0.427462327391,1.01669623737,0.135323166721,1.06294620805,1.16504771697
184.9877,-0.102641170721,-0.018272457425,0.0472974843743,0.0470989960897,-0.102835708179,0.102472784321,0.00288326744871,-0.138567545542,0.0307984521007,0.0829814058786,-0.0873168792854,-0.0446573189028,0.145081431986,-0.0577436283578,-0.034671810551,-0.0823187186753,-0.0828192449108,-0.0689115965659,-0.0110067710548,0.0236465295032,0.329755566607,0.283695870118,0.0123522803973,0.069522050677,0.238347083384,-0.00901015919798,0.329524621913,0.0813482191715,0.214140116707,0.121052309749
187.0246,0.632013011204,0.156479839274,0.685201762184,0.453312141822,0.811603892825,0.539474482257,-0.0603082536862,0.596060030925,0.373224988208,0.0278210877704,0.100494917642,0.107308183779,-0.179364823646,-0.111491823322,0.061133309633,0.0551420074952,-0.0223720487909,0.107822656998,-0.178982908566,0.0425245497734,0.465442630844,0.732297897282,0.171688048298,0.14877479563,0.820494633009,-0.163939448138,0.46572667833,0.447085703546,0.104628126123,0.0747384331137
188.0564,-0.536996626577,0.332344439304,0.50277697951,0.486186492448,0.758490728021,0.744594674603,-0.0430243547904,0.145199695375,0.262042591035,0.278242064069,-0.685132489965,1.32500906742,1.27432195713,0.467671302368,0.902514946638,0.227029945306,-0.159138436452,1.04278270523,-0.587812318826,-0.686128788294,3.14981900687,3.39419393742,2.7772094398,1.18671239453,3.45727791797,1.24048377886,2.30449588507,0.902339972517,1.86954579851,2.36276944898
189.0406,0.234132389841,0.110200158545,0.448920210223,0.168094371792,0.608126244785,0.326955952767,0.0571695337191,0.124067138531,0.205075136144,0.0614419506733,0.210620834698,0.160494327123,0.052189069461,0.0175387424396,0.0996819392517,0.0829835774836,-0.0183120572024,-0.0108649268877,-0.291459317959,0.141510773804,0.150890629338,0.351901472624,0.013934835128,0.110712356765,0.607146594394,-0.169479523808,0.320526193697,0.276151224041,-0.139409635117,-0.0187847128604
191.0198,0.0349677685228,0.752859645815,0.129632223787,-0.142218603917,0.516295262284,-0.2168679059,0.271609018067,-0.428449991514,0.0297042215703,0.398623367216,0.467031450497,1.19188880872,1.60212995954,0.31442648248,0.27478072355,0.10903378934,0.365085980484,0.276786779725,0.34448806121,0.171811283417,1.09156430332,0.896125100449,-0.233080087786,0.0833309542382,0.505165136346,-0.391307651124,1.06120283158,0.000379082050021,0.378510141134,0.592381178234
199.0241,-0.0124108986806,-0.0666403942,0.0599334050148,-0.138568441617,0.0614219335763,-0.140924315782,-0.0090243357082,-0.206747892154,-0.013836978635,-0.0774576863333,0.0553005130509,0.0584752942722,-0.0542540897514,-0.11260012116,0.0908136327301,0.034127206903,-0.0109372654724,-0.0808647901315,-0.275694647691,0.144822751682,-0.0437438974168,0.195420624534,0.255830962785,0.144465217974,0.480014696864,0.159579574374,0.2746448743,0.260978566791,-0.00123303005226,-0.00204154797281
199.17,-0.00284500590221,0.0288651627191,0.0710842847332,-0.107785251817,0.151949495008,-0.0660738736766,-0.0805006595329,-0.199350027495,0.0170611304836,-0.0422735427278,0.0662098268474,0.0086660201595,0.149657482991,-0.0449706847262,0.204555251831,-0.041006869631,-0.144574184292,-0.0867228309649,-0.153535981089,-0.00639155947805,0.0350162080802,0.0991319242062,-0.18923403069,-0.0143183882404,0.107440691981,-0.25186416443,0.0669904122295,-0.0626982783462,0.102843681346,0.146315907957
202.072,-0.0907143636173,0.325236256082,0.407427972098,0.22914690268,0.65330311583,0.325762748469,-0.0478797750443,0.0456717128662,0.179178369669,0.0548458304219,-0.0663425995047,0.469258565727,1.0878330886,0.076333889436,0.865471047257,0.0753924714981,-0.157673086484,0.0522362185983,-0.296043612387,0.0266279674837,0.62711206509,0.540468738681,0.307911417168,0.192176893494,0.813601462899,0.200207655603,0.496194805641,0.208964813907,0.237706312501,0.367615054581
203.0204,0.338618688993,0.588137396803,0.710074198776,0.57174722429,0.915384820001,0.603779449885,0.21221024001,0.298041914212,0.680605857764,0.177306284707,-0.301288043015,0.737967682056,0.792585907781,0.24965052289,0.545871751267,0.217601731943,0.162073740492,0.419083369234,-0.108231214786,-0.0247074855068,0.218219475939,0.406643870894,-0.0747143665501,0.190881187618,0.395238554628,-0.296415927041,0.351042870543,0.176396690793,0.241566265369,0.209659589086
203.0827,0.456930180798,-0.0202820562506,0.303317175877,0.334897719506,0.438351417965,0.281047534102,-0.085137961505,0.561927709347,0.330790910767,-0.0747457685635,-0.0366696142556,0.00419113011196,0.00444253605863,0.0230952569648,-0.034801137819,0.0256415352243,0.00156333798938,0.0378309112019,0.051988453824,0.0567355610684,0.0123359888643,-0.1389457528,-0.767069700478,-0.132831145292,-0.176583178311,-0.784445624952,-0.138429583806,-0.0529043463771,-0.0772138042068,-0.0717326276935
204.0548,0.179975820869,-0.00418075517161,0.00718433321415,0.0777069841241,0.402513178486,0.0391685783436,-0.0329265032204,0.156747828838,0.117755123057,0.104892813633,-0.101403617641,0.180270398698,0.313477647449,0.14136195552,0.109036311365,0.110584423168,0.20699294942,0.0909388899932,-0.0394762689253,0.0481608695864,-0.0944426275954,-0.015455116485,-0.490171447607,-0.148385978137,0.217147873011,-0.67077849431,-0.0322129959559,0.0588367326618,0.020427469519,-0.115253800557
205.0352,-0.249295695838,0.0257323173332,0.649406979711,-0.0954870546103,0.999041092676,0.22562004365,-0.394573721751,0.104633793883,-0.401046869803,-0.105926857948,-0.114408390969,0.656796774948,0.923619615745,-0.0946078719362,0.45160687817,-0.0661126248241,-0.0840163092052,0.3231596711,-0.326210818056,-0.176506716502,1.66973579786,1.87221047259,1.01568107373,0.179616883998,1.73179524504,0.0186052131173,0.693504318016,0.39016736712,0.497872197099,0.646906872741
205.0622,-0.157381323013,0.0946968794463,0.453742392451,0.0611521456697,0.346843943615,-0.0837587725878,0.109483170984,-0.161192374937,-0.572686353852,0.0194047257486,-0.199339864819,0.95614495505,1.21196265658,0.801595739994,0.475647946499,0.371695137962,0.553125702435,0.781060041941,0.129892016039,0.34287893874,0.450124512895,0.518338047921,-0.377680512399,0.013770461077,0.569597642811,-0.603967838338,0.440989850692,-0.0103583929731,0.285697872458,0.286917733157
213.1243,-0.211316498864,0.328169144955,0.00107407841902,-0.24553108466,0.035994812712,-0.155444277043,-0.108357191381,-0.353259071831,-0.205976440322,0.064336945265,-0.198778835157,0.410776722658,0.673311726276,0.34014099747,0.358360158488,0.222295883535,0.454082183023,0.395308977134,0.158778746514,0.056470890803,0.918493499436,0.825149988932,0.298761975314,0.161190500128,0.864473341952,-0.0930283928086,0.740796043045,0.233049161669,0.384707227245,0.473868894326
214.0117,0.193879637531,0.329713576977,0.105157743453,0.186415509412,-0.0362953011613,0.0620600994415,0.19979927952,0.0470577563398,0.27886859204,0.0529462092006,0.359349093631,0.648707916425,0.524909400357,0.276047184486,0.266260665233,0.41870980811,0.250461288206,0.327773737417,0.323966311114,0.341292400436,0.50949209945,0.294130364207,0.0256047723543,0.187115993439,1.01736362933,-0.00263024011846,0.19559831082,0.326121920374,0.483545724876,0.202030307882
217.0863,0.547959179042,-0.139238161318,0.176096630157,0.695007485586,0.637097275672,0.292997159991,0.069219003414,0.667336014636,0.388774481096,0.0710152810414,-0.210989085295,-0.0140981963482,-0.2698411059,-0.2336977274,-0.386940226181,-0.127651726485,-0.34371540022,-0.299573163089,-0.118781702209,0.120414203622,0.0978413572445,0.178787766903,-0.270193322591,0.0503099168057,0.124232908781,-0.42033567169,0.313754932513,0.209523204395,0.023261281061,-0.044779822643
217.0954,0.819669105021,-0.0149402282823,0.484918040511,0.656724874596,0.840083824178,0.586046722946,-0.151077344445,1.18491910484,0.513806769629,-0.20007026976,-0.184677593784,-0.218940596766,-0.489874073014,-0.121675695654,-0.289850548643,-0.0439469724085,-0.0844302285944,0.00248273099387,0.00612168458176,-0.086064408689,0.21926441785,0.11447415992,-0.360984827571,0.0714605241987,0.320456284907,-0.619764635404,0.205060382404,-0.0809615931467,0.0522300511793,-0.0162255890526
218.0329,0.701804384219,0.00683760702709,0.420710597369,0.536392201071,0.703690516608,0.539491837229,-0.0235471256134,0.927381576646,0.451428408382,-0.127379472849,-0.13401752676,-0.100148861098,-0.267616098309,-0.0560225858021,-0.164682698229,-0.0244876761098,-0.0545205543108,-0.00791682313651,0.049811621244,-0.0530035437064,0.0421353086413,-0.158098746709,-0.369930675879,0.0184256940153,0.00746952690206,-0.590254737221,-0.0677312079885,-0.140196567487,-0.0683945225437,-0.00774357922069
220.048,0.268061506501,0.202440040606,0.260650355582,0.271331036407,0.43615217141,0.218033201121,0.187692281547,0.0730586283491,0.234542985789,0.0671867910002,-0.0625875067245,0.631630856631,0.488025567816,0.25942407645,0.2481847763,0.34423252503,0.11059152346,0.334169576189,-0.00710528300804,-0.0627120344981,0.664525351064,0.500495101759,0.26248225604,0.402644243835,0.810854894169,0.333943264157,0.61985303265,0.45269952885,0.504334414816,0.324115525298
221.0608,0.0711181690873,0.380352958451,0.25080436202,0.0166255525287,0.225469466104,-0.101975599491,0.0825573133826,-0.16758380355,0.168646660627,0.248189155884,-0.00103480854606,0.372532812385,0.493505468647,0.147381537752,0.0791926439776,0.115898924246,0.136435282064,0.0876488533786,0.0895543025611,0.143359990969,0.594415535409,0.553793569942,-0.0321772248291,-0.0730241409921,0.427047043821,-0.136278156158,0.542288717195,0.0247852113516,0.21957028801,0.315311340873
225.0407,0.439119533587,0.103909107235,0.368103676435,0.219826603662,0.510862533437,0.311381589152,0.0509760805905,0.26383248543,0.299048796533,-0.0289117472508,0.148289408686,0.148794457533,0.0409183228346,0.0369641580416,0.117591254572,0.023902541758,-0.0135660573566,0.0223743732766,-0.133616408483,0.0473974465986,0.0384829044176,0.148242038433,-0.153684553139,-0.0429349620582,0.380407019389,-0.130557919466,0.108975101014,0.118128560328,-0.0546185918829,-0.00155385367444
225.1861,-0.0893096003453,-0.0534452124909,-0.0069061363342,-0.0959283315207,0.229204687407,-0.0689907299117,-0.115182791071,-0.28214902902,-0.0924681107817,0.0160991728118,0.00313384048445,-0.127928003284,0.283167904705,0.0874171622539,0.206213044625,0.0371727027279,-0.255441527835,0.418787367108,0.0437112019457,-0.0499985680292,0.546979385836,0.174446674209,-0.138639879514,0.17955319991,0.105175624026,0.0876967242255,0.255639416256,0.0672980972095,0.158888236255,0.173315825446
226.0102,0.418110612515,0.314599596842,0.510403299211,0.36749155488,0.427892717716,0.312023771382,0.149349486758,0.305643682368,0.42580281488,0.103285553556,-0.111005765132,0.402573698708,0.533645742897,0.184290140873,0.231809163229,0.0865604684904,0.0613688412032,0.19816998501,-0.10464892343,0.0259639211479,0.650903091483,0.858205232768,0.240154768922,0.312415678347,0.912771175449,-0.0592033162021,0.437613596763,0.265826610308,0.536476761707,0.527328100153
227.0702,0.315198832338,0.0142464391316,0.397125807645,0.0965813500011,0.349235359223,0.193472445734,-0.199016302443,0.115072691178,0.213651478282,-0.324719456046,0.132450841647,0.251553172641,0.180408702358,0.0814442151898,0.206603450967,0.109850598944,0.401938391448,-0.115822742269,-0.214923815061,0.0351095322341,0.27014293984,0.784667614023,0.30193615738,0.297603180105,0.765572110902,-0.0255529349026,0.65887639779,0.676643052272,0.323032885652,0.202131015172
227.2017,0.171009825742,-0.108036011017,-0.0182494706871,-0.101749604216,0.396980689256,-0.138261157769,-0.280771502378,0.0521941793575,0.0770080539891,-0.20750729101,0.05110382615,-0.0640895242909,0.06970047184,0.000634221386782,0.204297658457,-0.0708707348154,-0.134240069346,-0.0339436173566,-0.246911573038,-0.0274236115375,0.033353541665,0.150878774288,-0.351794706993,0.0137038210151,0.434272749588,-0.629073415333,0.231241838156,0.0689873441691,0.0658800780355,0.0469880073307
228.0277,-0.120139472891,0.0389604765856,-0.100233382702,0.269284400546,-0.00634351119088,0.283191544964,-0.0847075096067,-0.0511083536077,0.208247776505,-0.126501362793,-0.0569003346996,0.387662211892,0.425148182675,0.115597769612,0.158856715371,0.151128109175,0.139486442873,0.285313591825,0.0256831379458,-0.0382287102928,0.753940212073,0.834873835072,-0.0311073644719,0.429224417137,0.655429283098,-0.344319904969,0.546789292277,0.250146763249,0.591372911021,0.667755354932
229.0123,0.0650859170592,0.226103091867,0.223496514318,0.111034395218,0.195234344916,0.266219641353,0.0744126912668,-0.0140672336725,0.1461099767,0.109438545295,0.118501332106,0.468151882575,0.412936324437,0.11499352378,0.223102694232,0.133616695653,0.336842771271,0.326105223644,0.184438554634,0.124606729182,0.722760793821,0.849677000828,0.296413656118,0.142264289124,0.875420668358,0.0850113148083,0.628007770237,0.0988962530852,0.455472388504,0.536523625192
237.0279,-0.482455863695,0.187332253806,0.0729067918585,-0.167164957223,0.0660386924695,-0.24363278972,0.0827532925901,-0.432877743031,-0.0224933960581,-0.00855061623621,-0.156706374726,0.704052417923,1.26805204559,0.23511785325,0.329670110994,0.0142853457865,0.119958479273,0.360733269139,0.0966257880829,-0.0188084652404,2.03425435584,1.83254837324,0.699139864116,0.33366802669,1.45296508385,0.243232061154,1.64800160242,0.142079731106,1.22302941543,1.45685850826
243.0261,0.175567562237,-0.113862443428,0.187022856221,0.186741542728,0.246072206015,0.170465072254,-0.0687128307473,0.28187759616,0.230651027316,-0.0707525459216,0.0281365922527,0.0671805072725,-0.0277354032643,-0.003737681316,0.0890137044749,0.0412574495717,0.031047059252,0.00775851216356,0.0597264069931,0.0922108024863,-0.0552126283075,-0.0160278565309,-0.320876626029,-0.0321609354418,0.0140695952292,-0.46201020462,0.00220387981439,0.0227701120673,-0.0294152533151,-0.138641228726
243.0622,0.152109561045,0.75716142959,0.427561898843,0.349697787434,0.356485494205,0.436474369478,0.349319566496,-0.336672690455,0.584945625053,0.391200754786,-0.00712888805113,1.13824103909,0.995384041574,0.622904171991,0.311526337441,0.627948648559,0.53466002052,0.591967409837,0.392338124764,0.413905428521,1.17641402782,1.43536198408,0.669934921037,0.218643174455,1.35023246814,0.0434090975635,1.06712693334,0.323800622487,0.699293113273,0.972739891029
244.9993,0.041730451469,-0.187058631923,-0.00685725696534,0.0239805114335,0.0107648079254,0.100067937192,-0.0741966171385,0.0278607284257,0.032442047704,-0.000496996141475,-0.0990916620318,-0.0109698202766,0.00552235198833,-0.0320762428378,-0.0261448672782,-0.0566696573293,-0.0375873673897,0.0186236045899,-0.000685607574662,-0.047249620902,0.0800515475085,0.115116942116,0.122713969768,0.0405663089408,0.232137202807,0.158972892422,0.195589402887,0.160798779616,-0.00517903771703,-0.03433357488
246.017,-0.0201996164061,0.201866235076,-0.0525117273027,0.0220124618747,0.133708554337,0.0820491016146,-0.164151649754,0.00412075973963,0.153999812665,0.0092656754835,-0.00730866715735,0.540102742169,0.553788013703,0.107905722607,0.125538497635,0.0933037349161,0.0859786188239,0.0884209464881,0.0231536928463,-0.000125470930874,0.328875718278,0.323474707314,-0.293563555453,-0.176818602663,0.100663828297,-0.171050332429,0.609897627845,-0.184861927241,0.261880660744,0.180065992388
247.0444,0.00322348036902,0.0232312671826,0.173348462332,-0.0222024539848,0.183142661574,0.0844928800776,-0.0350640029047,-0.0877228385083,0.103127334144,-0.0645105608782,0.0956239107238,0.263120380061,0.225563595473,0.175289090044,0.0458707263857,0.124259042933,0.0162991225791,0.167698604009,-0.0160471634628,0.157457223151,0.280482648688,0.44630133277,0.102658084856,0.210146566199,0.44513166568,0.0174983608938,0.461473502166,0.303489826529,0.107138232712,0.0614093747116
249.0554,0.366720611906,0.242996037956,0.428539177255,0.25689865166,0.510571977838,0.205420473746,0.0544607688814,0.423068827251,0.311648066436,0.0272707542318,-0.0205226648642,0.241012169066,0.549984207863,0.0907359599216,0.130340267649,0.0194561539289,-0.0865826500445,0.02360036805,-0.0384201885286,-0.0399424703422,1.66779332121,1.50890710173,0.841208730309,0.402064217329,1.66762432933,0.289266863056,1.55212900219,0.322596765416,0.79908554733,1.01562217927
253.0086,0.0474254845423,0.22675097645,0.176310969714,0.203866352189,0.248281232691,0.214274838652,-0.0413631378786,0.0711396258083,0.222312221712,-0.0637478931302,-0.110415663894,0.357900945235,0.53847018328,0.0894258191418,0.255900826825,0.123998611773,0.0291166397444,0.245416852111,0.0829226551865,-0.00570565954607,0.140567082766,0.175313503091,0.0265144201739,-0.00837362835318,0.351493837665,-0.0897509219803,0.234928833936,0.149874203471,0.020580461274,0.0174739423618
253.2172,0.0791137157452,0.394707922147,0.0880288606892,0.0628688170897,0.250954154348,0.1568613924,0.230616707405,-0.246274753471,0.363251705377,0.477436166879,0.209989797641,0.339062737923,0.375912452157,0.185052526481,0.0508017153836,0.0946996566495,0.0274336937101,0.326458637118,0.142366635916,0.104862252578,0.928064410857,0.445721971384,-0.605760935992,0.179927093445,0.170217444872,0.163795858785,0.923623087678,0.104941920373,0.622512119952,0.751526729307
254.0895,0.533910261314,0.0142469455863,0.512800097497,0.275694351878,0.768406407955,0.402806971566,-0.134949395496,0.323520466635,0.44799294818,-0.174369260434,-0.305617495988,-0.132429369901,-0.105120561157,-0.15127409209,-0.103012128839,-0.182963738585,-0.0360042541556,-0.15371476603,-0.108291885107,-0.170570668741,-0.194024830736,-0.0373678624574,-0.69760359306,-0.0684571527623,-0.0515650766742,-0.755343358434,0.161987817821,0.069410908828,-0.304624267366,-0.218714987569
255.233,0.027463153995,-0.027424974305,-0.0182692622881,-0.0943419004208,0.485572765534,-0.163723481125,-0.0405167388889,-0.0604825366067,0.0981731207585,-0.042557375896,0.0291007987593,-0.136489704531,0.195962804763,0.000481277620715,0.30918602715,0.0500477384913,-0.119383128099,-0.118918403802,-0.215326027364,-0.0372947367016,-0.0342232927953,0.0575885637197,-0.263754675309,0.0343931245189,0.739331378331,-0.474294918434,0.245768436428,-0.0163946862728,0.225826599987,0.0857324708943
257.1032,0.286656230041,0.346437050407,0.728887728977,0.22995928827,0.729112284187,0.350148499065,0.0620880096795,0.151167682876,0.326632819802,0.00931817218055,0.247157366697,0.308995850212,0.391098828492,0.1074223746,0.258553426725,0.120885278198,0.0224826206255,0.102589824471,-0.0835698168151,0.160483997319,0.120757987109,0.483798518347,-0.196393553661,0.190531812657,0.670048549503,-0.400903099182,0.313053105287,0.355514587376,0.0518705780894,-0.0236646750571
258.0374,0.4300005946,0.279798547271,0.554596772565,0.323477452179,0.328119237155,0.296831032242,0.00943849843136,0.269537881647,0.270835308545,0.0709924114727,-0.0558968739633,-0.0284383581661,0.0634275985017,-0.126726921529,0.0026976915022,-0.00940668594435,-0.0189391017295,-0.0243105518852,-0.126471412027,0.114059026589,0.576512792272,0.810394284951,0.062737406505,0.171993278713,0.74647226921,-0.232037042455,0.61551062082,0.244629163392,0.314904765189,0.543119157848
259.0234,0.00315107013317,0.585447402944,0.178467415403,-0.0602904162798,0.149382310619,-0.0187681368606,0.240213886163,-0.245288840381,0.133534278993,0.414566413517,0.074426757974,0.793515069403,1.0291338946,0.208220267176,0.158655170178,0.111271543536,0.147513941901,0.155199214378,0.183469782366,0.0793294139426,1.15495534572,0.988862737006,0.231544739841,0.0875494006423,0.808018885633,-0.0978380705729,0.801637015924,-0.0587738629482,0.654131106679,0.664080833817
266.0892,0.458211645973,0.316136091679,0.131265965779,0.0731428971108,0.400302544548,0.131003495835,0.160959660062,0.133640049315,0.367203291687,0.148876792809,-0.0629928146602,0.138350998874,0.776366007818,0.105284728083,0.196776960568,-0.126658099332,0.234313023978,0.271733100598,0.452833663645,0.155272865383,0.260465963354,0.105420314657,-0.652436014303,-0.146552314512,0.135994500835,-1.06034579998,0.100922686096,-0.40591500533,0.512617895134,0.376559568237
267.0729,0.0231970819507,0.809882692145,0.250238546718,0.298762925406,0.293613870931,0.162875201027,0.366857164581,-0.0562224062988,0.534481652158,0.34229658232,-0.0635967889762,1.05101787117,0.8303723441,0.68143421821,0.171011025828,0.499989605171,0.554266880247,0.599240643403,0.60959570646,0.399890703309,0.822007937988,0.808403402529,0.0589977040223,0.0900568295343,0.685773447462,-0.338266516021,0.680495597804,0.0207751613337,0.404738856216,0.571335714682
268.0209,-0.00381497040347,0.142225375668,0.168408336855,0.226780330898,0.185566754711,0.124412669736,-0.0232922683048,0.0390935116208,0.24480113036,0.0427104354496,-0.0803533441684,0.359755578134,0.20944611947,0.0823954056901,0.234309401551,0.194031925101,0.238721303971,0.27375506452,-0.01627698407,0.185985606413,0.235221650239,0.29634096211,-0.303952198773,0.00929377913225,0.284787348356,-0.521490504134,0.0692446004385,0.012629747975,0.232882477708,0.249492254123
275.0173,0.0172242155668,0.0167110638886,0.0688511800824,-0.0483869928532,0.154204082712,0.00994046630644,0.116707817395,-0.197193546658,0.00918806870294,0.00309589929487,-0.0717896895336,-0.00987194146422,-0.0209916214275,-0.12943890218,-0.0373937636848,0.00648946049337,0.0628381618511,-0.0854063369158,-0.128875509527,-0.0840765183394,0.694915477819,0.802162715116,0.158390827791,0.150298872201,0.704031445908,0.0854888419345,1.0379623884,0.240766170712,0.357330685225,0.393313673903
275.126,0.474344133223,0.317047557929,0.37995549951,0.193994917544,0.597883627074,0.347547137592,0.107720759656,0.125722328871,0.425730119648,0.0848071365607,0.208748977194,0.363323810451,0.531646799925,0.209582863963,0.32556538137,0.193880463235,0.152272524752,0.0292822971927,0.0673055561446,0.185454327761,0.873517239612,0.964419138066,0.192299171662,0.220011115493,0.895798068964,-0.29401153077,0.703604259458,0.318400438776,0.639214738069,0.433045584683
279.2326,0.00661773705545,0.0755239165185,0.209133962013,0.0217273879662,0.195708503,0.140673346174,0.121136339054,-0.247275526432,0.140653066465,0.344655288355,-0.012534925103,0.0419515408918,0.0655788178446,0.0573448023622,0.1746537038,-0.0175630544523,-0.00345365049338,0.492808763081,-0.0597642385004,-0.0338219837549,0.0902396682117,0.125596878703,-0.292902309805,-0.052473825266,0.167226758505,-0.355984675872,-0.0249536723124,-0.00681406801685,0.0163468008497,0.329578229217
281.2482,0.191084889847,0.0142233674257,0.0613873343666,0.0693316409702,0.239475734845,0.111341485146,0.0153569556733,-0.0348434855056,0.209916361339,0.0865812189771,0.10307943189,-0.107206731389,0.0253181785034,0.0703784631178,0.0111457894238,-0.08310963459,-0.170699434465,0.00835371473326,-0.167251657755,-0.0665329004373,0.023106039761,0.148472950963,-0.567400634312,0.00940409044971,0.10784524917,-0.692702533704,0.220481049317,-0.00282710352696,0.0251769958396,0.150765018657
283.2642,-0.0654431084924,-0.0724058665384,-0.135880990448,-0.107559881575,0.348673826993,-0.207209934859,-0.100763445112,-0.137518432095,0.0116644335736,-0.105128449075,0.0268123536183,-0.156911148239,0.174974346654,-0.0044130994261,0.234648293438,0.0141343311812,-0.103760183254,-0.12747289543,-0.189731488091,-0.0600285695694,-0.0748474096755,0.011254913975,-0.180625607776,0.0417442380751,0.743438595478,-0.37842795292,0.264661983996,0.0160057721233,0.0393504827451,-0.0140305944052
289.0334,0.239858181023,0.602524579255,0.378119814903,0.1400943363,0.337544470959,0.0983477002795,0.368936968754,-0.224201448182,0.341227330838,0.357160569847,0.233387390289,0.62470130858,0.794104736213,0.241699099564,0.327971581496,0.115764666684,0.280379177358,0.184642032079,0.260126177722,0.271265682357,0.667326585696,0.684369596352,0.000806714180003,0.0584367343755,0.637751088053,-0.248304871245,0.574367978763,0.00679647012405,0.361061616964,0.387204995577
296.0797,0.61169386498,0.270200146386,0.606765873383,0.408673188454,0.659733348392,0.515247722561,0.163315907566,0.355336719784,0.533372118751,0.077374787559,0.00358515410807,0.0893362861539,0.143112242598,0.0516199640575,0.0109338562825,0.00817248903371,0.0594573726268,-0.0357564869925,-0.0114504373525,0.0945280644099,0.0874710509608,-0.141676058935,-0.881435658159,-0.13789396994,-0.136946603242,-0.628627140583,-0.128146830953,-0.0461320296431,-0.159548925395,-0.106606564137
298.0718,0.463761360263,-0.188230359628,0.356182455909,0.301945833464,0.329607240667,0.53961810829,-0.320025339603,0.441941652845,0.227780165648,-0.220207863103,-0.496093130978,-0.578432826285,-0.370432238928,-0.426448406557,-0.615756737571,-0.286612657326,-0.441011003222,-0.304376683198,-0.547445640704,-0.367310288053,-0.152341274016,0.0118673153898,-0.742170499321,-0.153327982277,-0.124323191824,-0.728996815848,0.0236735381152,-0.0942753325607,-0.19130369847,-0.121900826378
300.0488,0.379138024101,0.0881412195437,0.108859712151,0.0852090735741,0.465402131545,0.416767384151,-0.354972254714,0.354015767156,0.28243674791,-0.161209868194,-0.303018697456,0.00791960938439,-0.0477491709029,-0.182509280221,-0.11480278391,-0.0379256716679,-0.073641035964,-0.154257681788,-0.315942889786,-0.176832431362,0.715710680246,0.613903651075,-0.153915609187,-0.0874697215006,0.485319587955,-0.0853807092781,0.643584422305,0.0670046439631,0.233293190924,0.343448213616
306.0477,0.0251916049295,0.971342840045,0.363571047744,0.0358124512885,0.558593389675,0.0504620543228,0.662625837691,-0.482052079192,0.39272981955,0.878622367465,0.210627608739,1.47461767299,1.77593259496,0.755303351675,0.524419535361,0.440481714289,0.510965440524,0.539405923891,0.350984787745,0.347205676669,2.34960049188,2.00792094897,0.917217458612,0.473497777518,1.72006757304,0.691997526902,2.13659017717,0.160556477774,1.4957970821,1.72396911965
306.0763,-0.493972696346,1.3348110311,0.72741854767,-0.0423236349927,0.611902915901,-0.397954567948,1.05380388672,-1.19938609315,0.64227374032,1.48175581147,0.410148633458,2.63319216643,2.92363245206,1.34800062017,1.03654655991,0.844780974566,1.34801645545,1.01851375587,1.23327479228,0.501924850996,2.92522893095,2.51450243344,1.2356693785,0.544424842368,2.14476976184,1.05359793312,2.50117066459,0.0991375300609,2.05950432368,2.3172735165
321.0517,0.100091453012,0.34087680587,0.165593507885,0.00449183526565,0.418389238043,-0.00115497671609,-0.0202844292432,-0.116416497287,0.176341103939,0.00284290220407,0.0693498887236,0.548973075972,0.697952938746,0.302827994229,0.208898538339,0.132921198165,0.240029579535,0.21820832061,0.167954015183,0.207725922802,0.112291138018,0.256526141796,-0.0205772162362,0.0766793225622,0.326880719702,-0.129867551177,0.224404952834,0.157738176498,0.136200093285,0.0940416292779
323.0178,0.129954903201,0.045450858097,0.145765053362,0.0842510188868,0.13332933628,0.0849557668315,0.0136704072483,0.0555993598176,0.0705684168296,-0.0411704072979,0.100097148645,0.100369209065,0.117281412518,0.0707423050624,0.0438473851066,0.126184404501,0.0800926898118,0.0246715121714,-0.00869557338249,0.0609358436553,0.118905904951,0.156500447652,0.0873150265849,0.115449307254,0.381158443757,0.003281866146,0.176117403885,0.153741333309,0.0528086020146,0.0174900414473
330.0584,0.201138905022,0.299803547854,0.120579662282,0.147942119122,0.48467568645,0.282961515317,0.15902639753,-0.0153393471127,0.266180383966,0.12171313328,0.113795393687,0.644367126487,0.766201721466,0.177859400951,0.225096628858,0.255518064211,0.0637227005855,0.13658620602,-0.0349133290065,0.317908421654,0.462475129855,0.695564701003,0.214339928506,0.0899854790194,0.772120444828,0.042508202018,0.80454820297,0.262136729026,0.302233867276,0.237621382335
333.0589,0.349129041047,0.175456304598,0.342549818488,0.261884670172,0.519209208137,0.262133474702,0.0482839023731,0.334304362127,0.324798305442,-0.0697411167319,-0.0328969445848,0.281261007713,0.159677397529,0.0256241077214,0.08546190428,0.0936953761211,0.0786502283882,0.00381989846889,0.0281294129599,0.0546100121955,0.198954558814,0.184467836702,-0.451141473422,-0.0429038559443,0.153466525783,-0.640200179952,0.133938224064,0.0624770143202,0.0180880456457,0.00175189897224
334.0592,0.321676650947,0.215177624188,0.267544584473,0.300738930284,0.533248025737,0.382047140852,0.0527467975353,0.220195672484,0.421730450595,0.1500984824,0.129261746932,0.397273467232,0.41166631031,0.19462729563,0.038340443162,0.177065574109,0.1793352332,0.099534060956,0.0868922155986,0.0684696483883,0.190568697685,0.205706729223,-0.403068388247,0.0505820742063,0.210485249047,-0.378827718382,0.246015539932,0.201645157491,0.0456852451188,-0.0802709106395
335.0378,0.196368868149,0.286716559857,0.356336727755,0.0310712959181,0.467586176659,0.31018665362,0.212354404646,-0.0321902970568,0.23614737512,0.210335434253,0.125910346537,0.355218145474,0.298656482717,0.0334863274863,-0.00966631067723,0.139786274343,0.0189018566267,0.0656155182337,-0.0820105970411,0.182599594448,0.656316787036,0.74654849489,0.0621701484664,0.105025264524,0.622468279238,0.0621054327614,0.837219453762,0.346296504779,0.41982943724,0.481310501754
337.0539,0.041623100797,0.36921895012,0.174821393067,-0.102880473607,0.159442607468,-0.0141015134749,0.212677418921,-0.107617961086,0.149391297562,0.0433604233483,0.0882551993925,0.582033429063,0.778385316389,0.213104447159,0.225231064747,0.133670898185,0.166229914335,0.22474808529,0.00276676780935,0.212017082074,0.270481590764,0.304983358327,-0.318260326876,-0.0479737327609,0.178505249384,-0.393768738524,0.2504618954,-0.0215746045365,0.16739395511,0.229350513013
338.9885,-0.601740347849,0.326855909812,-0.211616654064,-0.465012332242,-0.343907326783,-0.445232685353,0.0854171721221,-0.963007819376,-0.375825458329,-0.014149400567,0.0873335090629,0.700973876538,1.11980549766,0.213368505797,0.175535893958,0.10898939379,0.224248411759,0.199855065692,0.200506245821,-0.00724443472823,1.67449760048,1.013746847,-0.259836501203,0.0686532308086,0.201524364127,0.176936291961,1.54413693548,-0.205969672884,1.11845070759,0.845853780983
341.1089,0.560383889054,3.02513773112,2.3624520865,-0.318472372125,2.30012172611,-0.491524526572,1.87492021221,-1.30897277064,1.43542923099,2.87130828043,2.21969390941,5.11500329175,5.27973219262,1.59769494968,2.53205937176,1.33143943535,2.19002998366,0.616514829875,2.79402160498,2.01966132858,2.28202393634,1.56130093419,-0.125721612763,0.305886787103,0.666388859854,0.736057882265,2.22798268721,-0.0337453438153,1.82792749961,1.73202166822
344.076,0.472487186958,0.228511648857,0.302909351467,0.24672720072,0.541537600605,0.5508681101,-0.117093477097,0.444208565037,0.246607339453,-0.188938190755,-0.180661313981,-0.0352620858254,0.103250663745,-0.0196459873485,-0.0235234412306,-0.0440924474149,-0.0964739474685,-0.0481667051308,-0.213201668591,0.0111799579758,-0.00740585859029,-0.0628277248604,-0.827674906772,-0.206735547638,-0.173074814821,-0.696715162161,-0.0942943457307,-0.00602598490195,-0.194445204825,-0.0760024842678
346.0558,-0.17038695668,0.74173888248,0.257215026248,-0.0121441698294,0.142034962284,0.0379218607544,0.492339591726,-0.362680613602,0.214023756804,0.856857868644,0.0305615423588,0.732907840259,0.856903656523,0.0767906816442,0.0212769776624,0.0918426126266,0.198540550532,0.0849171202862,0.205139767801,-0.0974863378469,0.958739408236,0.756625403885,-0.222096936332,0.00946059588171,0.387386247033,-0.134989747857,0.867862188726,-0.0511249216943,0.414678414617,0.327571325099
347.04,0.327720301915,0.0707408349451,0.396815206271,0.00734102100928,0.445908973642,0.29025667998,-0.0191904500377,0.193731517789,0.199426520795,0.0211443394124,0.0680605585585,0.324334806627,0.268060399456,-0.000722707422815,0.120475718956,-0.0562655013867,0.120536774477,0.0313964791249,0.0660141517946,0.200956913852,0.444982954232,0.785245271169,0.193050660497,0.25399712086,0.754317007911,0.0555044392445,0.715785933727,0.56683147245,0.316296380214,0.394147467832
348.0555,0.346837908084,0.302059005354,0.190145860267,0.0251732269147,0.491620879646,0.0356967673817,0.0968367261425,0.0691268003867,0.199957071489,-0.038686162852,0.143352885431,0.243193289617,0.401726311398,0.145626329726,0.146221656271,0.00890681290347,-0.0259274184067,0.141094639479,0.0899183922505,0.28680445002,0.458195883123,0.81448189847,0.290620917727,0.207265630054,0.671066324523,-0.115933274531,0.696922676758,0.337617014414,0.315788087488,0.483416639127
355.0645,0.293333033726,0.142701439917,0.405187286088,0.197861728078,0.54855466304,0.286862969123,0.0734638204639,0.194482858209,0.253458825536,0.0938896397715,0.0761468095117,0.394479961156,0.257400798754,0.144777506628,0.179687853255,0.0280277328469,0.106813446452,0.0501037107785,0.0434498972853,0.25236533678,0.14255270756,0.32694636402,-0.0270460707172,0.00211608852275,0.436459462129,-0.191066878854,0.386716021246,0.302839363932,0.0356243792015,0.0895084591709
362.051,0.121505529235,0.62529433019,0.0902629025437,0.0588203904267,0.271734416273,0.0241554664749,0.0570704254947,-0.211599056102,0.255508765626,0.199042623742,0.235528548515,0.750743994676,0.891512302012,0.349900331954,0.239626331575,0.197967988411,0.068728233178,0.0667944209493,0.154787196266,0.108303158214,0.735984281642,0.525234153355,-0.163832446568,0.146864663726,0.34378387603,-0.0197978639743,0.638379853322,0.193151626358,0.289126272841,0.256914168251
363.0372,0.0794710904385,0.479521046236,0.219620090621,-0.0141450357553,0.314607410142,0.0748951971274,0.126464285911,-0.267447243249,0.101514062486,0.0430621314216,0.233190235778,0.763135082226,0.98436539102,0.328919537981,0.367026250007,0.224137715937,0.314748697016,0.323250471084,0.289129694402,0.299392143415,0.084329097616,0.0114928786889,-0.337740623843,-0.0754852122001,0.38156720649,-0.577410898112,0.0532997649298,-0.0952241923233,0.148573595097,0.0836974284581
365.0501,0.208264065175,-0.0315460256319,0.232582729354,0.127939128755,0.287760869592,0.0818008384069,-0.0179643973726,-0.0917085455266,0.00815199586745,-0.21463156949,0.0138973355079,0.136468663579,0.101724015572,0.0887698142579,0.120301724223,0.016111787744,0.0902462893233,0.053549896323,-0.117559901685,0.228111839895,0.370133489154,0.573587857213,0.0254987485278,0.16793680247,0.619288700166,-0.120426996921,0.43180091229,0.269420148094,0.216070137819,0.292968693675
367.3577,-0.118472673196,-0.113283556692,-0.242510154359,-0.154203715401,0.0454053970432,-0.235842272931,-0.187797780246,-0.170505151339,-0.126690100549,-0.109854099703,0.139048877293,-0.0223129943482,0.117025067585,0.0423561897377,0.0741639819717,0.0843511570152,-0.0603026465266,0.140955285036,-0.0557529669437,0.0938322354808,-0.0760804487524,-0.0908067524855,0.07160502521,0.0327244578415,0.470268016468,0.0370564858805,0.0180213081232,0.0311804996082,-0.0215756101834,0.347139899414
375.1285,0.641474497743,0.201981006295,0.626001788965,0.215846118648,0.823237158909,0.302568260666,-0.119879003348,0.477027830473,0.384111329361,-0.119522183491,0.156344951837,0.113749895188,0.00874775249251,-0.118473989313,0.0362854285708,0.1004174708,-0.0462243720194,-0.00393339446284,-0.184895984056,0.172360198248,0.0118269865818,0.367158142727,-0.246209102785,0.165606834679,0.597139130543,-0.41769156724,0.407039970084,0.574748360269,-0.0463996059118,0.00361297158443
375.1435,0.608324155842,0.112833390616,0.570269990266,0.315058727413,0.72991387433,0.523445344845,-0.218481989286,0.505416714589,0.380226093561,-0.14562749854,-0.0752104043437,-0.120547842115,-0.0694267999882,-0.193323836802,-0.101379405674,-0.0844345092927,-0.19178919744,-0.177562832743,-0.290623389216,-0.032981191114,-0.0950838725567,0.072051650243,-0.64320806115,-0.117907355834,0.261100316352,-0.70036178883,0.0887090527742,0.00662049797405,-0.105183597473,-0.0387355896513
381.1462,0.551195062935,0.0294836207265,0.49539144606,0.243565814329,0.732905508963,0.364779879508,-0.206324766218,0.431391363434,0.363669673795,-0.17826880192,-0.178692056662,-0.180273239514,-0.203726583454,-0.299740081282,-0.165534637449,-0.205975513968,-0.166415770258,-0.201211726746,-0.328157420321,-0.0642326178383,-0.0926513834663,0.13245767123,-0.533846574424,-0.102259895939,0.298190693956,-0.640945758033,0.133302793648,0.0715394281447,-0.0713306875356,-0.0705335279417
383.1149,0.401750175335,0.740702737805,0.630690876361,0.188484417059,0.849432344948,0.338144871789,0.170758659349,0.231292920132,0.456545099958,0.275605416486,0.14886020816,0.839792679037,0.894127224843,0.0919634060001,0.146871683924,0.215711954551,0.204787629307,0.163510334942,-0.00107559379808,0.324613490708,0.27235541315,0.0306061835294,-0.754552702064,-0.137818836622,-0.115219635251,-0.845446804722,0.143297481907,-0.0247070034509,-0.110210260565,0.0288375735702
386.0165,-0.22740657642,0.804182120189,0.333305826592,-0.169637288341,0.319822557475,-0.228307020265,0.427388262102,-0.454507429828,0.320567543841,0.726367375613,0.315785993549,1.5968843022,1.83078239236,0.733982839535,0.512825887282,0.480368937351,0.503951767139,0.516038093373,0.447067073873,0.160087708237,0.0778448523513,0.391589163766,-0.00703562973495,-0.0041773924255,0.369477865475,-0.0458439079965,0.443677439344,0.237586063953,0.108938974337,-0.0693584402642
386.9999,0.0298592464698,0.469481242084,0.215218317795,0.00691912905535,0.273292264278,-0.191229802619,0.327674542712,-0.311117101423,0.165761011991,0.318144396889,-0.200921308501,0.397887662799,0.573600187326,0.263746283137,0.112713589181,0.137067710576,0.207456638107,0.306624527109,0.212410214124,0.186277157764,0.533464199201,0.400488289758,0.102246589526,0.0894279971689,0.559383945581,-0.0522192704002,0.661781150994,0.161383680828,0.212843328715,0.167048907148
396.2497,-0.009491521049,0.251436417822,-0.292292359219,0.0819768814707,-0.160157187279,-0.366336244707,0.277341673097,-0.297365100341,-0.0157786745165,0.34956913676,-0.089566726658,0.33291366235,0.499704312681,-0.00888245774218,0.226567507041,-0.0454777589629,-0.214369780632,0.0258549333912,-0.133832877691,0.104561099503,0.414657935242,0.274908108297,-0.450716839504,0.0583314913036,0.183229926733,-0.0731939676341,0.513060855108,-0.0308778758464,0.402473044892,0.113189593711
397.1074,0.709866427871,0.31960781633,0.473797113049,0.400271622088,1.0218027795,0.51507604417,0.0271839249191,0.466619952581,0.43543083916,-0.14475318018,0.0604854503134,0.082540775016,-0.0742924120152,-0.0827534779887,0.0216292216281,-0.0787363666858,-0.081027875342,-0.0683489956309,-0.199670292453,0.103243171095,-0.0647607082198,0.311462899529,-0.268264836414,0.103681073384,0.519467929441,-0.149765231076,0.322178253684,0.601364707969,-0.0531855169955,-0.0828916413011
401.0861,0.934568191341,0.74357584631,0.396427153853,0.717603889053,0.75413986015,0.647279000697,0.366318906965,0.491690924004,0.567763244191,0.40485666409,-0.106684422152,0.300565350375,0.633142192193,-0.0557565575408,0.0582423201883,-0.119501975522,-0.163488820534,-0.288192190601,-0.0912007744289,0.145441400633,0.0370806221115,0.00866684072408,-0.413902254084,-0.0895377555042,0.080663727374,-0.768390860714,0.0563466589558,-0.274406810143,0.106983172551,0.163900131956
402.011,-0.00583516003035,0.413096413571,0.0803652693141,-0.0206226736796,-0.0408904956301,-0.0109702913129,0.279400356724,-0.326160219481,0.197520536453,0.417156455006,0.196904305334,0.785723439807,0.887002148451,0.345229157754,0.332448721654,0.202613806518,0.535043908663,0.259088280095,0.250491412674,0.128161838636,0.906346638063,0.708957794005,-0.24321898799,0.056981446161,0.149784539212,-0.126315970094,0.841895142685,-0.221320790636,0.623941334401,0.642717327119
402.9939,-0.047126947772,0.38268799687,0.08770445725,0.0428096587233,-0.0263303302061,-0.0667109745962,0.20910983493,-0.155366308084,0.0674640354064,0.375044809706,0.0265651679197,0.43712043766,0.764134361417,0.0884059844333,0.0955602628993,0.0932308828164,0.255827737681,0.158530065121,0.175521585338,0.142833600599,0.671977606883,0.522081699494,-0.183549327206,-0.00159684140774,0.327887470569,-0.138225169992,0.665718321351,-0.0181781937933,0.300630926424,0.207070888265
418.9559,2.35702364118,1.17566457604,1.57452542254,1.34005277222,2.28281218071,0.897458832441,0.951284548098,0.840676058584,1.30344817229,0.554358569997,0.0755768677109,-0.0086573024848,-0.0260881156193,0.0283314303415,0.0354020878472,0.206712377707,0.261556947016,0.0773032268281,0.258427493375,0.194742642339,-0.0672351399822,-0.133153733259,-0.559212950449,0.103599193055,0.120675900631,-0.539964910859,0.149576522699,0.351727384993,-0.311240192601,-0.210091218274
421.075,0.68751672564,1.255201064,0.670760859848,0.108058865731,0.530351714259,0.382343077507,1.07115924104,0.50320674529,1.32232993631,1.29314920895,0.248021704558,1.34807580234,1.19075915908,0.4469861156,-0.0818389202414,0.347412984839,0.489704617049,0.239450868371,0.849026388736,0.772263399214,0.817887018824,0.773690471006,-0.243988302989,0.182418231521,0.325836473308,-0.258962903194,1.23100564636,0.0854648199313,0.662345939261,0.438543609742
423.0297,-0.123637175111,0.340768661638,-0.146622221112,-0.194469352593,-0.167611554249,-0.0545827691349,0.174410295851,-0.0196676468824,0.359270239302,0.075805447449,-0.0113329037431,0.360882594823,0.488502137905,0.0432892239813,-0.00926354604762,-0.00554194846342,0.135970799306,-0.0815114651233,0.0327358430112,0.293848030944,0.409659215085,0.404017336864,-0.230743065456,-0.0402219249227,0.101712478538,-0.0885099004106,0.721537275844,-0.0229153643192,0.357726722479,0.348431544795
426.0227,-0.624188032427,0.748175572798,0.129423107078,-0.506758315829,-0.231840012333,-0.363590685983,0.682896718917,-1.22090953995,-0.0179550109094,1.00674626335,0.119483918031,1.84476728,1.73453202749,0.674147715055,0.407317475536,0.428213134564,1.00441262274,0.741025307849,0.926710354702,0.246882812257,2.06117503181,1.48863126112,0.0922019992658,0.231003255371,0.657288204479,0.590852224258,1.81321667511,-0.0787217476383,1.24065010089,1.13362020964
441.3368,0.511472994009,0.227532702925,0.468604139509,0.359314761383,0.555248418669,0.325259253329,0.111045993203,0.367658210603,0.431385538519,-0.138128876893,-0.00791790337944,-0.0423057940576,0.0190136589118,-0.0867682055177,-0.0495274481496,-0.0216190987168,-0.00568219451985,-0.129094461617,-0.249662788435,0.216472652517,-0.00944755713076,0.285566830789,-0.394140923099,0.214028998212,0.200970716969,-0.569573958473,0.302537420363,0.255069120784,-0.0770833420658,-0.0852541211306
442.0147,-0.209556229793,0.550047794854,0.0048814204471,-0.133750921116,-0.00389498305075,-0.137875471715,0.436664595394,-0.77476663295,0.0594339291557,0.470546311889,-0.0795883393296,0.885554566394,0.913239598795,0.287702651647,0.388461884427,0.422084102131,0.325648775763,0.261572795846,0.217346945954,0.178604989497,1.3412334943,0.982543763411,-0.0450735021729,0.217545798936,0.651781255643,0.149773706538,1.15927651606,0.107022448393,0.788518286929,0.810527756487
445.056,0.444665074329,0.870704942155,0.45045757689,0.266812293054,0.804178471585,0.227273055901,0.350388225252,0.0751405689807,0.396371918531,0.560470810362,0.364639633243,1.01199914512,1.13672674929,0.278778643094,0.345423407338,0.269389170055,0.241381184344,0.133138887686,0.332230918265,0.309219741762,0.516361739518,0.573821244268,-0.0462117175502,0.27854336094,0.446974481745,0.0495548715272,0.656477041484,0.298285139463,0.337822619482,0.337154787138
453.086,0.217861377246,0.435025857789,0.348076823881,0.0717313847174,0.52648405237,0.194585745509,-0.0423124346876,-0.261606569873,0.303943700669,0.0760356977201,0.285899142239,0.503130943442,0.933745246201,0.116112243635,0.291503331995,0.118354419456,0.0771516515118,0.139718706302,-0.0248432393878,0.210723462008,0.131198417737,0.382324067432,-0.0802501454946,0.274486803646,0.559944441752,-0.200634959984,0.482351737723,0.534847911038,0.0130425606975,0.0269137673922
455.0991,0.653864677309,0.334648945659,0.623469673773,0.372748211213,0.816820149038,0.459216366,0.0165855347921,0.401417369569,0.501586343408,0.101759221271,-0.0275518156708,0.183275826823,0.150313598083,-0.184732831493,0.0268024489703,-0.0488231590991,-0.0919054241535,-0.0970941390166,-0.0954356787312,-0.0967990202486,0.309019120259,0.664996379326,0.0167380796787,0.273103609551,0.515204674384,-0.0529964819311,0.928510946266,0.734066868017,0.0930888761742,0.00754148902107
465.2285,0.625012793971,0.16702398441,0.550143794694,0.312614665019,0.782119394225,0.323304524528,0.00498640040879,0.311388526657,0.367917610085,0.101080182941,0.252781787909,0.199617195719,0.45130174724,0.33418104442,0.44368209803,0.15045786302,0.172231381882,0.0391820802531,0.246749533704,0.309014777034,0.24020662249,0.346632744411,-0.29853336112,0.0417885985262,0.419840507399,-0.56690164751,0.227765141355,0.186242722307,0.215166831405,0.324366159992
465.9811,0.296140991957,-0.00334521169356,0.0924415882131,0.121002176211,0.0620493552744,0.158974767943,-0.084002288479,0.252443730116,0.176540755322,0.00471266054776,-0.0456985847038,0.1234062432,0.303093345581,0.036268286478,0.10416373607,-0.0233026359564,0.107368309886,0.0899686664051,0.276670753872,0.0745374523934,0.59457680868,0.399033504512,-0.17899728474,-0.0017574131321,0.757396366826,-0.226689354271,0.613422332646,0.00397190750278,0.228307445282,0.411438898384
481.977,0.0377523592905,0.180876851003,0.0556161671451,-0.0221248769426,0.0158951793434,0.0959768350215,0.150254769174,-0.0102846504136,0.0715054950448,0.0607921544591,0.0530816858841,0.349304093817,0.400940415532,0.039245465103,0.200931287801,0.193774416697,0.249306529229,0.275540760855,0.188296458789,0.125339044231,0.955505531832,0.66879763781,-0.0708574226397,-0.00618912948146,0.0388191440663,0.371213060116,0.971891180171,-0.0646029108331,0.642493209601,0.498688296694
482.9603,-0.0259085368336,0.367762460991,0.156607602047,0.0116375064218,0.163510967431,0.00909214904945,0.31625057598,-0.326056746487,0.0725129156553,0.303964965784,0.0501602870726,0.472214552442,0.664185045318,0.130176611408,0.0979735135969,0.17002922401,0.388771249853,0.262641409021,0.260772247195,0.158188556351,1.61547417411,1.09875266534,-0.180949765899,0.285775127331,0.271157571929,0.259005705355,1.3941664606,0.0134884052736,0.934322081726,0.823928640524
487.1074,0.594271690772,0.913603525832,0.624603006318,0.269544151183,0.92765097989,0.457467012306,0.117958074663,0.434840997379,0.573953005143,0.194650331506,0.211881154604,0.759472170951,0.758335958659,0.0483513142892,0.259888792959,0.186818078649,0.209535402612,-0.117567812672,-0.051779892721,0.200643172291,0.0517164692194,0.305318803315,-0.23362569024,0.0856336001736,0.336145480181,-0.263714386272,0.566749732454,0.604118279673,0.00729201981464,-0.164909039271
498.9252,0.664006066507,0.509108408866,0.662893746417,0.601909387174,0.649112527952,0.408091880522,0.202523888608,0.508964894996,0.523007487324,0.154178386516,0.173733848735,0.6496868839,0.590986128472,0.196927475101,0.24829117479,0.141482658741,0.455379314424,0.250130980797,0.31102747735,0.0975755602295,0.564727677319,0.369351112486,-0.343593495486,-0.00872764697063,0.483894453468,-0.409608254536,0.431975314677,0.113066804411,0.232038632534,0.384416418287
505.9885,-1.28840665292,0.540750795884,-0.316663750975,-0.752643595429,-0.75365622653,-0.768740723798,0.622242538732,-1.86199349043,-0.29490328881,0.845273953449,0.0965916775901,1.74253002768,1.70248324495,0.711799539395,0.284407521568,0.550905409229,1.06571655209,0.736797868523,0.791379891829,0.280191534754,2.10960366325,1.3897255759,-0.228125984221,0.227764355389,0.0871990746825,0.507157110048,1.87510997836,-0.158623231375,1.35700065716,1.10206165692
517.2444,0.325133430459,0.293189740783,0.312911168917,0.150398371047,0.362844755005,0.121617577625,0.173000709342,0.113325732313,0.349227443489,0.0633515489741,0.304780719411,0.199155043982,0.308975298235,0.205103928877,0.349269255434,0.181164973706,0.0998300698749,0.140000691606,0.168202092435,0.272614029226,0.106920976041,0.237824952683,-0.0274743480364,0.0496204411007,0.22297376556,-0.0782746904537,0.230159127959,0.111263198013,0.216257235928,0.194959876022
521.9824,-0.423584449749,0.543002942399,-0.125067457477,-0.0775392511961,-0.277650136459,-0.103758933532,0.294204988267,-0.653574303548,-0.121563445394,0.388828675755,-0.200510752953,0.610112759763,0.589952382653,0.150422898133,0.0254220800225,0.123741725673,0.154986859928,0.170970301437,0.0775981594184,0.150146873536,1.47655141774,1.01170750892,-0.245974389119,0.0421824534689,0.330458504896,0.140567918205,1.19883639662,-0.0469497460679,0.925791034501,0.890491434147
561.2551,1.03750415457,0.645102871123,1.13835664174,0.719306906632,1.0857736026,0.526842151519,0.404710812404,0.450457744907,0.954604954756,0.340486540643,0.259556703687,0.438799990316,0.426156134209,0.105460612506,0.490941970451,0.258900721224,0.258097493696,0.0394739204351,0.127919574131,0.501409879963,0.474044748492,0.674103360369,-0.144438942086,0.216200765747,0.743901798442,-0.28241221614,0.46022346715,0.329806577321,0.396301286743,0.470583520985
578.8956,0.627119019115,0.600226878791,0.468015142019,0.594911504033,0.690383906503,0.390227871951,0.2080468028,0.823245833181,0.460957540994,0.348627692704,-0.0350977458635,0.549840611547,0.442617837976,-0.00397483234352,0.0149090475809,-0.0645508253621,0.118938128076,0.256569609571,0.398555727868,0.01120474803,0.534472198619,0.403143218075,-0.405511812852,0.134896775227,0.252763880867,-0.282195817339,0.455929435759,0.149267930004,0.407518005262,0.378718425553
604.0696,-1.72183591502,-0.590309033706,-1.49999761953,-1.9416885983,-0.898755928651,-1.36068721704,0.300526503848,-1.81348700731,-0.563377337339,0.424088979465,1.63991827068,3.14349396708,3.2008982562,2.15196416529,1.77301044707,1.21463272192,2.04580980128,1.75872736999,1.59528988185,-0.758236756816,3.04679492795,2.04907890561,0.0254617207935,0.55360910791,1.00346341185,1.1243392999,2.75299541233,0.176387097882,2.20420395225,1.98469801371
606.0736,-0.743685370738,0.732413008879,0.378732993543,-0.599554956519,-0.058804853085,-0.510572933477,0.9787654835,-2.49555454022,0.446716952857,1.49603777393,1.11688733904,2.73099925227,2.03840540719,1.08933357525,0.60233680583,1.05451671142,1.62951757233,0.738927888262,1.45058010302,0.337543169743,2.87800764215,1.76757169451,-0.354481113893,0.464756104178,0.590563408414,1.01818503577,2.59769634463,0.116526785823,2.14270339498,1.81220193623
611.1435,0.544903806997,0.438179763814,0.232422050896,0.40558183993,0.852046504826,0.432646363493,0.0469187036714,0.271187381014,0.566436934231,0.17738587822,0.0723517882705,0.646698936086,0.443693272453,0.164532231809,0.313414540263,0.295518939233,0.283193083199,0.236431636665,-0.157763562922,0.276589670305,0.205529445742,0.764400248502,-0.106447606358,0.167558069701,0.465394343037,-0.0890430735566,0.758524552879,0.601317734702,0.0469384123566,0.135648649175
666.6399,1.64531876994,-0.0983455288736,1.94598675813,1.33214016334,1.50972800239,0.906528670443,0.105066944612,1.70620975563,1.11889218053,-0.250015385035,0.175241438531,-0.513008897455,-0.858301096296,-0.215181396038,-0.0484928897679,0.0926557137743,0.399787984507,-0.181478092464,0.226665158501,-0.0614725798034,0.454503824441,0.0458321021537,-1.21520110862,-0.606928525381,-0.0555043255218,-1.52491232038,-1.48754745817,-0.537359980508,0.596030121578,0.329922839287
786.1693,1.83957932935,0.921032621395,0.668192262768,1.1235863276,1.89356075313,1.25202049789,0.3439122326,1.07600513601,1.0794279595,0.389449146414,0.408947896447,0.60170320455,0.295492293684,0.367453857853,0.592221830696,0.312736082691,0.56269783057,0.358570855014,0.349687608552,0.573483395908,0.241977569155,0.480828212528,-0.0227748729861,0.352223854838,0.454645729297,-0.528985412092,0.640476123536,0.330972590049,0.240431905621,0.212818159457
808.1173,-5.60682986499,-0.256116406528,-0.973928863909,-3.16581756533,-1.60269371968,2.47314859228,4.59754224254,-7.67147137346,-0.644296319949,4.27434746469,3.47350617316,0.846658867985,-3.33321591218,1.40244281361,2.03439638641,-0.673169386296,6.49033048501,-0.654439909867,-0.49700324119,-3.33321591218,0.925706825138,0.69477031941,-0.546795410136,0.185381660823,0.260711960821,-0.375585284311,0.811516383489,0.108628490869,0.773339013767,0.540708928219
850.1252,2.2860420716,1.35810903218,1.23283458095,1.38963227326,2.22854316864,1.38523808698,0.863847051743,0.836525724355,1.94692928711,0.785667937401,1.33714106649,1.13507329307,0.929433286068,0.814338393256,1.10238560435,1.18977639449,0.684790216726,0.701700250715,0.712380189584,1.03387052118,0.204039893245,0.25678514602,-0.0392314890523,-0.00878347232913,0.166121914149,-0.638820677823,0.0192795327769,0.0467586716793,0.28504093188,0.139995446273
912.1339,2.2185268997,1.52121529041,1.84873840486,1.39446233853,2.31440320984,1.40672237363,0.726262322589,0.905269913119,2.25104133741,0.826243622831,1.56553089361,1.19607960157,0.903934453615,0.592876078216,1.02007874708,1.02163766942,0.826112935956,0.477422769959,0.715028093311,1.02627817835,0.540657629981,0.568810540594,0.151949274471,0.265567697759,0.800470497162,-0.126124236239,0.874202263698,0.3644200155,0.417386388024,0.536364713379
915.1979,1.94590343062,1.24531945824,1.09902904689,1.20279438753,1.89039570959,1.19539628922,0.748666530271,0.617203621442,1.24361274386,0.784904510462,0.636499036519,0.878314545256,0.699434615141,0.500025981872,0.947108044358,0.48471514059,0.724188538733,0.403824440622,0.667323628305,0.858726790027,0.555505516669,0.976545172971,0.26097948274,0.526852470259,0.822295840763,-0.0396077432687,0.883406464095,0.510828233976,0.633759013693,0.665207106228
974.2917,0.652041650712,-0.533451115523,-1.0835455554,0.789960367757,0.568941507933,0.986312062459,-1.07458604038,2.43661752774,0.0308500796258,-0.892265909654,-0.0707798125369,-0.246721738223,-0.981873910282,-0.142677155899,-0.287348769587,-0.52874516348,0.112121469338,0.04269549507,0.22725096909,-0.217585396696,0.470628931251,-0.927182394831,-4.17364963836,-1.10708345925,0.366556254534,3.04737778366,-1.05612882341,-0.297820702184,2.37120588683,1.71432859446
976.3166,1.67397132832,-0.552781410129,1.99938172273,1.26632323089,1.45756313346,1.29218105664,-0.49897330556,2.40012064144,0.781166500617,-0.531176358577,0.146486817171,-0.61088899119,-1.54062786648,-0.388838191506,-0.341816689689,-0.334441289888,0.30481089139,0.069939648917,0.152604851981,-0.0218032374048,0.83758586512,0.341845669746,1.55158253115,-0.279444340281,1.66617683695,-0.126190794429,1.25813406744,1.16124665176,-0.828837779953,0.888035493316
